gene_id,ERR188044,ERR188104,ERR188234,ERR188245,ERR188257,ERR188273,ERR188337,ERR188383,ERR188401,ERR188428,ERR188454,ERR204916
MSTRG.10,3,0,0,0,0,2,2,0,0,1,0,0
MSTRG.11,0,0,0,0,0,0,4,0,0,0,0,0
MSTRG.12|CRLF2,8,7,0,4,4,0,8,3,6,3,0,5
MSTRG.13|CSF2RA,4,0,3,1,0,2,0,4,0,0,0,7
MSTRG.14|MIR3690,0,0,0,0,0,0,0,0,0,0,0,0
MSTRG.1,389,1344,1923,936,488,866,1545,546,1307,587,1240,1481
MSTRG.1|PLCXD1,3188,999,965,655,508,964,1492,321,610,304,280,844
MSTRG.2,24,15,11,4,0,4,7,0,5,0,2,9
MSTRG.3,242,118,112,197,51,109,337,85,234,38,179,122
MSTRG.5|LINC00685,37,21,33,9,7,10,17,10,37,8,23,33
MSTRG.7,152,115,176,20,14,42,30,46,53,4,75,102
MSTRG.3|GTPBP6,710,511,931,654,1078,125,1071,872,1372,418,754,1037
MSTRG.4,46,19,13,12,7,15,46,8,15,5,11,6
MSTRG.6,4,3,3,0,0,0,0,2,4,0,0,2
MSTRG.7|PPP2R3B,43,24,0,224,122,20,198,0,219,81,0,105
MSTRG.8,9,5,14,12,10,4,12,0,21,4,5,6
MSTRG.15|IL3RA,263,287,155,149,129,189,66,136,45,74,277,166
MSTRG.15,399,409,162,98,258,42,235,194,519,159,305,460
MSTRG.17,1030,609,1397,959,1513,414,1200,1652,2935,867,1622,632
MSTRG.18,47,27,34,13,17,7,40,17,23,8,20,24
MSTRG.16,14,13,11,5,11,2,15,12,17,6,4,4
MSTRG.19,6,5,3,3,2,2,2,2,5,2,1,3
MSTRG.17|SLC25A6,18374,12786,20449,19991,14140,7265,17357,15434,18521,9851,17912,22570
MSTRG.20,548,502,398,211,252,67,531,148,370,100,169,148
MSTRG.20|ASMTL-AS1,34,41,0,16,18,0,23,18,25,0,15,13
MSTRG.21,0,1,1,0,1,0,0,0,0,0,0,0
MSTRG.22|ASMTL,0,0,0,57,0,0,41,15,0,0,0,13
MSTRG.22,1713,737,1484,1688,708,474,851,781,1470,695,572,1295
MSTRG.20|LINC00106,1,1,1,0,0,0,1,0,1,0,0,0
MSTRG.23,33,16,21,11,10,2,42,9,9,5,40,15
MSTRG.30,2,5,2,2,14,1,9,10,6,2,5,3
MSTRG.24,420,340,119,45,102,16,205,33,236,15,316,651
MSTRG.25,24,14,28,8,14,5,35,3,7,5,12,8
MSTRG.26,0,0,0,4,0,0,0,0,0,0,0,0
MSTRG.39|ASMT,4,13,14,2,6,0,0,20,5,0,2,0
MSTRG.39,1366,708,967,950,634,181,1416,664,1195,441,1238,1186
MSTRG.40,1,1,2,5,23,0,2,9,20,14,0,1
MSTRG.24|P2RY8,4796,3329,4775,2595,3120,1685,3193,3078,2808,1975,3304,2636
MSTRG.39|AKAP17A,1693,1323,2006,1085,1209,630,1455,1037,1211,573,1265,1103
MSTRG.27,215,40,99,84,73,4,131,21,97,38,6,75
MSTRG.28,20,3,13,7,4,0,6,0,9,0,0,12
MSTRG.29,5,0,4,3,0,0,5,0,0,2,0,3
MSTRG.31,285,249,137,147,122,104,122,130,215,101,230,141
MSTRG.31|ZBED1,3889,2701,2932,1667,2379,1033,2870,2456,3608,1797,2087,2838
MSTRG.31|DHRSX,233,156,257,331,226,72,351,274,333,198,113,162
MSTRG.32,2,0,0,0,0,0,0,0,0,0,0,0
NM_000047|ARSE,0,0,0,0,0,0,0,0,0,0,0,0
NM_001282628|ARSE,0,0,0,0,0,0,0,0,0,5,0,4
NM_001282631|ARSE,0,0,0,0,0,0,0,0,0,0,0,0
NM_001079855|GYG2,0,0,0,0,0,0,0,0,0,0,0,0
NM_001184702|GYG2,0,0,0,0,0,0,0,0,0,0,0,0
NM_001184703|GYG2,0,0,0,0,0,0,0,0,0,0,0,0
NM_001184704|GYG2,0,0,0,0,0,0,0,0,0,0,0,0
NM_003918|GYG2,0,0,0,0,0,0,0,0,0,0,0,0
MSTRG.38,0,0,0,0,0,0,0,0,0,0,4,0
MSTRG.43|ARSD,272,153,205,73,133,33,259,113,188,152,252,125
MSTRG.44,629,1223,900,975,422,458,866,661,645,1507,790,1889
MSTRG.45|PRKX-AS1,0,0,0,0,0,0,2,0,0,0,0,0
MSTRG.44|PRKX,796,263,1532,253,500,379,1338,793,844,196,748,129
MSTRG.33,91,42,46,39,18,14,30,52,27,26,22,68
MSTRG.35,51,52,47,30,23,22,49,16,29,19,48,49
MSTRG.35|MIR6089,0,0,0,0,0,0,0,0,0,0,0,1
MSTRG.34,9,19,19,10,7,6,15,8,13,6,7,5
MSTRG.35|CD99P1,104,100,62,33,28,3,45,30,61,36,39,59
MSTRG.36|LINC00102,3,5,0,0,0,0,4,0,0,0,0,3
MSTRG.37,3,2,4,4,3,0,18,3,9,4,4,5
MSTRG.41,1785,249,792,1103,214,181,263,1055,1047,981,767,1048
MSTRG.41|CD99,2920,2094,3713,297,1853,1203,2063,1156,1405,1150,1756,592
MSTRG.42,20,10,34,5,15,6,33,13,23,12,15,9
NM_016379|VCX3A,0,1,0,0,0,0,0,0,0,0,0,0
MSTRG.48|NLGN4X,64,9,19,2,7,34,20,13,2,0,0,0
MSTRG.62,1256,400,1236,997,1289,254,1850,850,1303,913,823,1029
MSTRG.63,0,0,0,5,12,0,22,12,2,0,2,10
MSTRG.61,1,0,0,0,1,0,1,0,0,0,0,1
MSTRG.62|LOC389906,22,0,28,21,30,27,39,16,39,0,49,24
NM_013452|VCX,0,2,0,0,0,0,0,0,0,0,0,0
MSTRG.49,0,2,5,0,0,0,0,0,0,0,0,4
MSTRG.50,18,120,152,17,15,17,77,21,9,38,10,45
MSTRG.50|PUDP,1078,1389,2098,1232,1002,1123,1498,1034,1285,1405,1124,1987
MSTRG.51|STS,0,0,0,1,0,1,0,0,1,0,0,0
MSTRG.51,899,1642,1781,445,669,626,1912,680,568,1135,861,1450
MSTRG.51|MIR4767,1,1,1,1,1,1,1,1,1,1,1,1
NM_001001888|VCX3B,0,0,0,0,0,0,2,0,1,0,0,0
MSTRG.56|ANOS1,12,3,3,5,10,0,0,9,12,21,0,0
MSTRG.52|PNPLA4,224,177,427,192,115,155,304,124,206,203,127,244
MSTRG.53,12,17,22,7,0,3,15,0,11,7,14,20
MSTRG.54|MIR651,0,0,0,0,0,0,0,0,0,0,0,0
MSTRG.55|VCX2,0,1,2,0,0,0,0,0,0,0,0,0
MSTRG.52,26,51,68,47,46,74,64,78,87,51,61,122
MSTRG.60|TBL1X,1211,530,440,283,287,95,693,719,508,644,699,131
MSTRG.60,950,552,1162,325,305,285,394,311,439,0,103,776
MSTRG.57|GPR143,0,0,0,0,0,0,0,0,0,1,0,0
MSTRG.58,3,0,0,0,0,0,0,0,0,0,0,0
MSTRG.59|SHROOM2,0,0,0,19,0,0,0,2,0,9,0,0
MSTRG.59,0,0,0,2,0,0,0,0,0,2,0,0
MSTRG.64,6,240,44,3,285,129,443,5,6,2,0,20
MSTRG.64|WWC3,758,1974,3241,775,647,661,1485,1142,752,932,118,470
MSTRG.65|CLCN4,196,324,200,66,18,115,292,128,69,24,0,33
MSTRG.68|HCCS,861,839,796,615,734,295,767,735,1146,498,698,654
MSTRG.66|MID1,14,27,10,11,2,7,7,8,11,10,7,24
MSTRG.67,20,23,30,10,9,8,16,20,22,19,17,12
MSTRG.69,22,5,46,5,11,13,39,20,16,17,80,8
MSTRG.70|AMELX,0,0,0,0,0,0,0,0,0,0,0,0
MSTRG.71|MIR548AX,0,0,0,0,0,0,0,0,0,0,0,0
MSTRG.69|ARHGAP6,285,530,339,271,320,148,281,195,396,264,209,455
MSTRG.72,1,3,2,10,7,0,3,4,3,3,0,0
MSTRG.73,0,153,78,68,96,39,66,80,140,65,101,95
MSTRG.74,0,2,0,1,0,2,0,0,0,0,0,2
MSTRG.75,4,12,5,8,10,4,17,20,36,9,3,17
MSTRG.76|MSL3,1670,2767,2224,2263,1724,830,2274,1503,2389,1285,1791,2257
MSTRG.76,392,518,2226,646,853,147,2299,887,1064,2841,2180,1061
MSTRG.77,17,13,20,20,11,3,17,13,19,11,18,8
NM_014728|FRMPD4,0,0,0,0,1,0,0,0,0,0,0,0
MSTRG.78|PRPS2,1921,3148,2700,1772,2195,863,2737,2254,2924,1407,2046,2390
MSTRG.78,43,6,4,0,1,3,1,3,45,4,1,0
NM_016610|TLR8,0,0,0,0,2,2,3,0,0,0,0,0
NM_138636|TLR8,0,2,0,0,0,0,0,0,0,0,0,0
NR_030727|TLR8-AS1,3,2,0,0,2,0,0,0,0,0,0,0
MSTRG.79,1795,560,1693,751,1710,1063,1786,1827,2152,1367,1004,735
MSTRG.79|TLR7,888,986,271,480,350,260,663,831,1042,735,936,629
MSTRG.82,6,0,0,4,7,14,8,0,3,4,0,0
MSTRG.83,11,9,27,7,7,12,31,9,15,18,9,9
MSTRG.85|FAM9C,0,2,0,2,1,0,2,0,0,1,0,0
MSTRG.84,14,16,48,17,12,7,19,4,19,0,26,15
MSTRG.86,4,0,0,0,0,0,0,0,0,0,2,0
MSTRG.87,3,0,20,0,0,3,1,0,2,0,0,12
MSTRG.89,3,0,4,0,0,5,0,0,0,0,17,0
MSTRG.90,8,10,4,20,7,3,19,11,31,18,11,40
NR_046087|GS1-600G8.3,0,0,0,0,0,0,0,0,0,0,0,0
NM_001135995|ATXN3L,1,0,0,1,0,0,0,0,0,1,2,1
MSTRG.92,3,0,0,0,0,0,0,0,0,0,0,0
NR_045260|LINC01203,0,0,0,0,0,0,0,0,0,0,0,0
MSTRG.93,1103,383,857,896,753,200,618,715,1515,228,620,666
MSTRG.94,0,0,0,0,0,0,0,0,0,0,3,0
MSTRG.95,12,4,52,0,0,5,1,0,5,0,3,9
MSTRG.99|UBE2E4P,183,197,171,114,114,44,188,118,169,103,172,143
NM_001118885|GLRA2,0,0,0,0,0,0,0,0,0,0,0,0
NM_001118886|GLRA2,0,0,0,0,0,0,0,0,0,0,0,0
NM_001171942|GLRA2,0,0,0,0,0,0,0,0,0,0,0,0
NM_002063|GLRA2,0,0,0,0,0,0,0,0,0,0,0,0
MSTRG.98|TCEANC,7,24,21,9,0,0,25,31,1,22,3,3
MSTRG.107,1542,1321,1264,465,851,431,2411,584,1848,707,729,606
MSTRG.108,0,3,2,3,0,0,3,2,0,2,0,0
MSTRG.109,510,583,872,448,442,328,810,428,483,512,424,218
MSTRG.109|TRAPPC2,0,17,0,0,7,0,0,0,1,0,0,226
MSTRG.110|GPM6B,13,10,21,11,16,2,22,38,18,8,6,7
MSTRG.98,85,75,109,69,89,55,100,56,77,69,76,59
MSTRG.107|RAB9A,1189,1410,1106,1146,1231,340,1712,1066,2015,1092,1156,1054
MSTRG.107|OFD1,114,538,213,346,284,271,35,646,101,578,427,489
MSTRG.110,36,43,14,13,28,6,79,3,57,25,19,21
MSTRG.100,66,86,66,92,71,65,119,23,74,76,51,60
MSTRG.100|GEMIN8,394,434,752,445,401,178,572,466,599,430,395,460
MSTRG.102,248,407,343,296,282,136,543,390,470,299,267,262
MSTRG.103,175,246,158,122,158,77,241,126,240,107,129,145
MSTRG.102|FANCB,48,49,22,0,0,0,0,0,8,19,43,23
MSTRG.81,143,4086,0,0,0,0,0,137,11,0,0,0
MSTRG.81|TMSB4X,206151,202330,275461,115449,168596,97824,168422,140112,221592,129468,148551,127774
MSTRG.104,131,218,112,97,144,115,310,284,245,168,268,157
MSTRG.105,0,7,9,2,8,0,12,4,18,8,0,0
MSTRG.104|MOSPD2,356,368,143,126,222,38,108,134,420,139,212,276
MSTRG.106,0,0,30,0,0,0,27,13,108,0,34,16
MSTRG.106|ASB9,28,41,64,9,59,5,34,23,45,68,6,8
MSTRG.111|PIGA,417,640,315,321,381,148,511,393,666,259,448,503
MSTRG.111,19,81,22,7,21,18,19,31,57,25,18,15
MSTRG.112|FIGF,0,0,0,0,0,0,0,2,2,0,0,0
MSTRG.112,36,121,60,19,39,4,0,22,147,0,17,23
MSTRG.112|PIR-FIGF,3,3,0,0,4,2,4,6,5,6,6,4
MSTRG.112|PIR,409,565,451,342,514,142,315,452,671,283,511,639
MSTRG.113|BMX,0,0,0,0,0,0,0,0,0,0,0,0
MSTRG.114,4,12,2,2,20,6,12,11,13,7,6,6
MSTRG.115,0,2,0,0,0,0,0,0,0,0,0,0
MSTRG.115|TMEM27,7,0,7,2,6,7,5,8,5,0,0,10
MSTRG.116,11,13,13,17,16,13,36,12,16,9,20,13
MSTRG.117,440,441,645,383,296,246,891,389,545,357,513,449
MSTRG.117|CA5BP1,27,0,0,0,15,0,7,0,7,0,12,0
MSTRG.117|CA5B,54,152,52,0,75,57,0,0,7,89,0,0
MSTRG.118|INE2,1,0,0,0,0,0,0,0,0,0,1,2
MSTRG.120,346,225,630,296,416,140,1142,137,501,392,371,361
MSTRG.121,0,0,1,0,0,1,0,0,0,0,0,0
MSTRG.120|ZRSR2,104,267,228,214,119,132,46,222,16,99,99,152
MSTRG.123|AP1S2,974,1136,1153,417,599,607,810,1041,734,999,1004,864
MSTRG.123,942,1454,997,414,896,312,1172,703,971,788,777,646
MSTRG.119,3,2,3,0,0,0,0,0,0,0,0,0
MSTRG.124,5,4,9,6,2,3,8,3,8,3,5,8
MSTRG.122,0,0,0,0,2,0,0,0,0,0,2,0
MSTRG.122|GRPR,88,49,27,6,16,24,52,19,22,86,33,13
MSTRG.122|MAGEB17,2,0,2,0,0,0,2,0,2,5,3,0
MSTRG.129|REPS2,14,5,11,12,10,4,15,12,12,3,8,9
MSTRG.130,111,77,81,45,70,39,91,54,89,51,52,53
NM_001291867|NHS,0,0,0,0,1,1,3,2,2,0,2,0
NM_198270|NHS,0,0,0,0,0,0,0,0,0,0,0,0
NR_039925|MIR4768,0,0,0,0,0,0,0,0,0,0,0,0
NR_046632|NHS-AS1,0,0,0,0,0,0,0,0,0,0,0,0
NM_001291868|NHS,0,0,0,0,0,0,0,0,0,0,0,0
NM_001136024|NHS,5,1,2,0,0,0,0,0,0,0,0,0
MSTRG.135|SCML1,100,119,59,57,197,8,290,81,209,122,9,286
MSTRG.135,112,399,203,51,35,29,275,113,328,55,20,123
MSTRG.134|SCML2,9,11,8,10,4,8,5,10,9,3,29,4
MSTRG.136|CDKL5,49,16,30,9,17,21,25,27,44,21,35,49
MSTRG.138|RS1,0,0,1,1,1,1,0,0,1,0,2,5
MSTRG.136,5,0,0,0,0,0,0,0,0,0,0,0
MSTRG.137,115,62,107,83,126,68,102,178,145,72,124,123
MSTRG.127|S100G,0,0,0,0,0,0,0,0,0,0,0,0
MSTRG.125,148,25,98,100,141,4,105,80,210,138,155,29
MSTRG.128,82,119,146,89,0,40,0,0,131,0,0,79
MSTRG.131|TXLNG,780,1137,1124,919,842,570,1579,972,1192,985,838,795
MSTRG.131,2,3,142,2,20,0,2,24,114,1,1,159
MSTRG.125|CTPS2,509,863,612,441,497,278,754,613,843,406,490,718
MSTRG.126|MIR548AM,1,0,0,0,0,1,0,0,0,0,0,0
MSTRG.128|SYAP1,1489,2245,2261,1499,2096,742,3050,1920,1876,1697,1936,1673
MSTRG.132,4,3,9,1,3,3,3,3,1,2,2,5
MSTRG.133,372,383,324,261,410,119,243,412,419,258,381,269
MSTRG.133|RBBP7,3779,4714,4308,2713,3342,1645,4200,3769,4772,3067,3216,3498
MSTRG.141,0,6,6,0,9,0,0,8,7,5,0,6
MSTRG.142|PPEF1-AS1,0,0,0,0,0,0,0,0,0,0,0,0
MSTRG.141|PPEF1,0,0,0,0,0,0,0,0,0,0,0,0
MSTRG.145,511,112,998,337,301,314,823,328,887,148,565,620
MSTRG.146|ADGRG2,39,3,18,9,21,0,21,10,21,3,3,0
MSTRG.147,0,3,3,0,0,0,0,0,0,0,0,0
MSTRG.140,2,0,0,0,0,0,0,0,0,4,0,0
MSTRG.143|PHKA2-AS1,10,10,16,6,8,4,16,6,22,10,10,4
MSTRG.144,2,2,3,2,3,6,3,0,1,0,4,3
MSTRG.145|PHKA2,399,819,217,221,270,122,170,265,130,433,163,182
MSTRG.149|PDHA1,2560,2836,3038,1922,2038,1120,2704,2222,3524,1486,2122,2413
MSTRG.149,0,0,44,0,0,0,0,0,0,0,0,0
MSTRG.148,28,34,29,11,11,5,37,9,37,5,31,18
MSTRG.150|MAP3K15,9,13,19,6,4,3,9,9,0,0,12,11
MSTRG.152,55,67,67,129,200,1,371,83,40,156,27,119
MSTRG.152|CXorf23,186,289,136,0,0,81,0,92,227,0,199,65
MSTRG.153,9,1,6,0,5,1,11,2,3,3,2,7
MSTRG.154|LOC729609,2,0,1,0,0,0,0,0,0,0,0,0
MSTRG.158|MAP7D2,190,842,50,62,234,40,313,215,410,206,392,942
MSTRG.158,37,111,399,6,21,7,63,26,88,25,58,220
MSTRG.159|MIR23C,0,1,0,0,1,0,0,0,1,0,2,0
MSTRG.151|SH3KBP1,1969,5399,5280,3676,6043,3340,8899,7943,4692,2299,7276,4917
MSTRG.151,7009,5079,4942,2532,1367,433,1553,1237,4960,4683,1836,3722
MSTRG.155,0,2,0,190,0,0,214,3,297,139,0,0
MSTRG.156|SCARNA9L,0,1,2,4,1,0,7,2,4,13,0,2
MSTRG.157|EIF1AX-AS1,0,0,0,0,0,0,2,0,2,0,0,0
MSTRG.155|EIF1AX,2087,3008,3661,3110,2866,1506,4499,3148,3268,2947,2525,3418
MSTRG.160,948,809,423,376,613,178,705,1326,1725,206,657,491
MSTRG.160|RPS6KA3,1387,1742,1634,679,875,716,1470,444,650,1351,1121,1446
MSTRG.161|CNKSR2,56,79,131,90,128,17,304,100,286,97,192,91
MSTRG.161,0,204,1,0,0,0,1,0,6,7,4,0
NM_014332|SMPX,0,0,0,0,0,0,0,0,0,0,0,0
NR_045617|SMPX,0,0,0,0,0,0,0,0,0,0,0,0
MSTRG.163,113,44,3,6,69,32,59,39,103,35,111,5
MSTRG.163|MBTPS2,506,770,518,304,376,256,553,431,660,384,494,513
MSTRG.163|YY2,32,48,64,46,19,14,55,22,45,14,35,44
MSTRG.164,0,173,55,46,24,57,24,0,82,0,52,0
MSTRG.171|PHEX,12,28,25,4,10,0,10,31,27,5,0,6
MSTRG.172|PHEX-AS1,0,0,0,0,0,0,0,0,0,0,0,0
MSTRG.164|SMS,2898,3864,3498,2804,2887,1184,3765,2926,3823,2119,2411,2454
MSTRG.165,2,4,0,0,0,0,0,0,3,2,3,4
MSTRG.173,14,21,31,36,19,2,119,70,30,13,162,15
MSTRG.173|PRDX4,1069,1090,1415,1197,1088,361,1039,1521,1221,935,1674,1134
MSTRG.166|PTCHD1-AS,0,0,0,0,0,0,0,0,0,0,0,0
MSTRG.167|ZNF645,0,0,0,0,0,0,0,0,0,0,0,0
MSTRG.168|DDX53,0,0,0,0,0,0,0,0,0,0,0,0
MSTRG.169,183,238,121,224,227,51,140,244,157,137,105,202
MSTRG.170,83,112,65,28,136,20,89,952,6,13,6,108
MSTRG.178|ACOT9,399,154,80,141,392,54,158,147,295,92,36,200
MSTRG.178,551,960,970,612,509,195,752,709,1220,559,974,750
MSTRG.176,22,31,32,26,35,0,14,0,39,26,28,13
MSTRG.177,11,4,12,3,3,11,23,0,6,3,11,19
MSTRG.174,10,13,5,12,12,7,10,19,12,4,3,10
MSTRG.175|SAT1,1869,1749,2693,1770,1683,766,1604,2310,2147,1460,2570,1813
MSTRG.175,71,114,158,153,46,22,88,46,72,29,58,37
MSTRG.179,138,146,145,135,127,37,116,123,209,97,132,91
MSTRG.181|CXorf58,5,4,0,3,3,1,3,0,4,0,2,1
MSTRG.179|APOO,180,277,258,259,308,97,258,276,537,140,215,210
MSTRG.180,33204,40356,43136,25829,22575,14645,19161,37037,32162,21908,31520,35417
MSTRG.188|ZFX-AS1,0,0,2,0,0,1,0,0,0,0,0,0
MSTRG.189|ZFX,541,84,6,953,541,382,909,11,494,585,196,685
MSTRG.189,504,1150,1373,41,192,226,909,659,467,507,711,375
MSTRG.184,9,3,2,0,2,3,0,2,2,0,0,5
MSTRG.182,0,0,0,0,0,0,615,0,596,0,0,0
MSTRG.183,4154,2155,2513,2449,1702,1192,3557,1271,3338,1596,1591,1399
MSTRG.182|KLHL15,782,832,548,269,447,251,3,544,33,459,526,612
MSTRG.183|EIF2S3,4883,8950,12230,8642,6728,4657,10412,6434,9702,7604,6262,9834
MSTRG.185,5662,3961,5605,1700,1214,1611,2282,1906,1841,1032,4221,2272
MSTRG.190|PCYT1B,7,11,6,6,0,0,2,3,6,4,17,10
MSTRG.191|PCYT1B-AS1,0,0,0,0,0,0,0,0,0,0,0,0
MSTRG.186,0,0,0,0,0,0,0,0,2513,33,0,0
MSTRG.186|PDK3,3040,3955,2226,2014,2094,972,3122,2414,1086,1935,1893,3277
MSTRG.187,3,1,2,1,1,0,1,1,3,0,2,1
NM_139058|ARX,0,0,3,1,0,0,1,0,0,0,0,2
MSTRG.192,45,51,65,77,59,31,82,46,132,34,53,79
MSTRG.196,3,8,5,7,25,5,9,9,16,20,4,37
MSTRG.194|SCARNA23,0,0,0,0,0,0,1,0,0,0,0,1
MSTRG.193,1355,1924,1443,749,926,752,1878,1387,2111,1173,1453,1910
MSTRG.193|POLA1,485,709,382,307,500,41,771,200,293,284,0,5
MSTRG.195,3613,3404,5726,2625,2572,1520,3119,3053,3701,2066,3335,3533
MSTRG.197,7,5,27,6,9,5,15,5,8,5,7,11
MSTRG.199,49,27,20,79,28,12,68,19,45,42,9,29
MSTRG.198,7,9,3,4,5,2,6,11,19,5,5,10
NM_177415|MAGEB1,0,0,0,0,0,0,0,0,0,0,0,0
NM_177404|MAGEB1,0,0,0,0,0,0,0,0,0,0,0,0
NM_002367|MAGEB4,2,1,0,1,1,0,0,0,1,0,0,0
NM_002363|MAGEB1,2,2,0,0,0,0,0,0,5,0,0,2
MSTRG.206,913,1103,1881,490,968,507,1553,1031,745,1182,948,847
MSTRG.207,34,11,26,9,21,4,85,23,7,29,15,12
MSTRG.206|CXorf21,485,500,855,142,387,192,677,436,348,553,393,361
MSTRG.204,0,0,0,7,1,1,1,0,0,0,0,1
MSTRG.203,70,70,96,43,47,26,44,64,55,41,48,81
MSTRG.205,10,184,19,29,151,93,59,161,33,97,38,44
MSTRG.208|GK,61,284,574,199,820,196,500,553,966,242,112,454
MSTRG.208,550,569,52,204,3,4,412,101,111,269,353,11
MSTRG.209,481,281,818,524,231,102,252,158,85,758,120,314
MSTRG.209|TAB3,718,1068,0,0,558,301,1003,658,1272,0,907,629
MSTRG.210,5,3,4,6,2,0,9,6,6,5,5,5
MSTRG.200|IL1RAPL1,0,0,0,0,0,0,0,0,1,0,0,0
MSTRG.202|MIR4666B,0,0,0,0,0,0,0,0,0,0,0,0
MSTRG.201,48,69,45,23,37,34,62,54,27,36,51,95
MSTRG.211,2,3,3,4,5,2,4,2,8,3,2,2
NM_152632|CFAP47,0,0,0,0,0,0,0,0,0,0,0,0
NM_001304548|CFAP47,0,0,0,0,0,0,0,0,0,0,0,0
NR_110412|RP11-87M18.2,0,0,0,0,0,0,0,0,0,0,0,0
NM_001173486|PRRG1,0,0,0,0,0,0,0,0,0,0,0,0
NM_000950|PRRG1,0,0,0,0,0,0,0,0,0,0,0,0
NM_001142395|PRRG1,0,0,0,0,0,0,0,0,0,0,0,0
NM_001173489|PRRG1,0,1,0,0,0,0,0,0,2,0,0,0
NM_001173490|PRRG1,0,0,0,0,0,0,0,0,0,0,0,0
NM_001170331|LANCL3,0,0,0,0,0,0,0,0,0,0,0,0
NM_198511|LANCL3,0,3,3,0,0,0,0,0,0,0,0,0
MSTRG.221,32,198,25,164,97,6,173,123,133,18,209,139
MSTRG.221|DMD,1333,2141,755,219,1486,387,1311,829,2210,837,580,1459
MSTRG.222|MIR3915,0,0,0,0,0,0,0,0,0,0,0,0
MSTRG.223|MIR548F5,0,0,0,0,0,0,0,0,0,0,0,0
MSTRG.224,36,124,75,129,140,51,165,89,91,55,75,80
MSTRG.212,58,89,53,0,1,1,2,30,62,0,36,47
MSTRG.212|CYBB,3320,3095,4354,1344,2915,1653,3707,2325,3391,2288,2328,2168
MSTRG.213,0,0,0,0,0,0,0,0,2,0,20,5
MSTRG.213|DYNLT3,356,618,290,364,469,118,464,457,638,312,469,376
NM_001163335|SYTL5,0,0,0,0,3,0,0,0,0,2,4,0
NM_138780|SYTL5,0,0,0,0,0,0,0,0,0,0,0,0
NR_039674|MIR548AJ2,0,0,0,0,0,0,0,0,0,0,0,0
NM_001163334|SYTL5,0,0,0,0,0,0,0,0,0,0,0,0
MSTRG.214|SRPX,5,0,5,4,9,0,7,3,12,4,13,5
MSTRG.220,36,41,28,0,36,9,43,9,169,96,47,0
MSTRG.220|RPGR,101,215,98,109,145,63,243,135,49,78,174,187
MSTRG.216|TSPAN7,14,3,3,0,5,0,2,2,4,2,5,0
MSTRG.226,188,353,306,48,744,150,1604,72,2719,1619,75,64
MSTRG.226|MID1IP1,1269,1094,1616,2233,1228,246,1343,1532,0,0,1379,1472
MSTRG.227,7,20,3,9,6,0,15,4,19,9,3,6
MSTRG.227|MID1IP1-AS1,16,24,12,5,2,3,8,10,10,6,11,13
MSTRG.218,0,0,0,0,0,0,0,0,3,0,0,0
MSTRG.219,7,5,2,7,3,0,6,3,0,0,2,1
MSTRG.228,41,25,65,33,20,11,28,34,16,8,65,22
MSTRG.230|MIR1587,0,0,0,0,0,0,0,0,0,0,1,0
MSTRG.229,14122,7770,9321,2755,1878,1674,5635,5508,3034,2365,7343,8265
MSTRG.225,3,5,4,2,4,0,4,0,0,4,4,0
MSTRG.232,373,339,805,98,462,321,972,393,275,416,777,479
MSTRG.232|BCOR,1019,793,611,594,371,257,160,327,597,288,470,415
MSTRG.233,2,0,4,0,1,3,0,0,0,0,0,0
NR_110386|LOC101927476,0,0,0,0,0,0,0,0,0,0,0,0
NR_027761|LOC100132831,1,1,1,1,0,1,1,1,2,0,1,2
MSTRG.235,608,346,619,111,139,649,111,270,247,1206,406,130
MSTRG.238,374,1640,640,655,445,444,1469,1264,1889,1479,524,750
MSTRG.239,0,0,3,0,0,0,0,0,0,0,0,0
MSTRG.234,169,11,1218,106,77,14,25,45,2,0,28,115
MSTRG.234|ATP6AP2,2695,2404,681,1321,1960,866,1801,1980,2694,1297,2419,1671
NM_001195522|MPC1L,1,0,0,0,0,0,0,0,0,0,0,0
MSTRG.235|CXorf38,710,1025,1143,747,725,0,1233,803,1374,0,736,1498
MSTRG.238|MED14,2497,1364,2011,968,1544,833,2662,698,1899,971,1284,1690
MSTRG.239|MED14OS,11,24,6,12,14,3,13,10,20,5,5,14
MSTRG.236,1389,732,1237,1764,7153,357,1366,799,858,552,3814,627
MSTRG.241,0,0,0,0,1,0,1,0,0,1,0,4
MSTRG.242,0,0,0,0,1,0,2,0,0,1,1,0
MSTRG.237,11,16,11,9,16,8,12,14,10,11,6,9
MSTRG.240,2418,2411,2011,1830,1990,1016,4852,2550,2207,1633,1965,3466
MSTRG.240|USP9X,4265,4588,3502,1099,1551,2001,1799,1639,3984,3383,2412,2460
MSTRG.245,2,5,17,2,2,2,9,4,3,4,6,0
MSTRG.243,1685,1692,2020,1581,1641,517,2115,1330,1945,1865,994,1070
MSTRG.243|DDX3X,7624,7249,9321,4417,4897,4089,10366,5822,7780,6363,6593,7283
MSTRG.244,6,5,9,2,2,4,9,0,4,4,8,8
MSTRG.252|CASK,128,88,171,0,166,0,285,25,309,49,0,82
MSTRG.252,586,783,622,285,661,132,859,560,1037,589,887,420
MSTRG.256|GPR34,72,31,51,12,98,13,54,31,60,21,5,4
MSTRG.253,36,39,38,33,51,11,43,34,29,21,21,20
MSTRG.254,68,66,76,23,82,33,49,55,68,50,81,55
MSTRG.255,525,544,515,341,391,184,626,403,496,385,546,375
MSTRG.257|GPR82,92,22,49,16,58,21,59,39,72,18,14,7
MSTRG.246,855,749,1118,693,583,311,744,665,760,532,710,678
MSTRG.248|LOC101927501,0,0,0,0,0,0,2,0,0,0,0,0
MSTRG.248,0,0,0,0,0,0,1,0,0,0,0,0
NM_000240|MAOA,0,0,0,0,0,0,0,0,0,0,0,0
NM_001270458|MAOA,0,0,0,0,0,0,0,0,0,0,0,0
MSTRG.247,2,3,2,3,5,4,8,4,2,1,4,3
MSTRG.249,16,26,17,17,19,9,19,14,13,9,22,13
MSTRG.250|EFHC2,0,20,0,0,4,0,11,0,5,9,0,0
MSTRG.251,3,12,3,0,0,1,24,0,2,0,8,20
MSTRG.251|FUNDC1,328,427,434,272,296,135,401,363,475,293,307,403
MSTRG.258,574,482,713,438,408,256,425,472,392,480,370,527
MSTRG.263|KDM6A,706,300,719,518,184,463,646,414,499,674,345,416
MSTRG.263,287,719,729,276,418,206,1019,323,440,589,526,892
NM_024689|CXorf36,0,0,0,0,0,0,0,0,0,0,0,0
NM_176819|CXorf36,3,0,0,0,0,0,0,0,0,0,0,0
MSTRG.259|MIR221,3,5,2,1,3,1,5,1,4,1,1,2
MSTRG.260|MIR222,1,1,0,1,0,1,1,0,0,0,0,0
MSTRG.261,3,4,0,0,3,0,3,0,8,4,0,0
MSTRG.270|RP2,595,539,463,224,353,242,442,476,638,285,330,420
NR_046101|LINC01545,4,0,0,0,0,0,0,0,0,0,0,0
MSTRG.272,4,9,2,0,110,0,5,1,408,0,0,38
MSTRG.272|JADE3,770,794,677,390,467,134,601,373,720,280,171,296
NM_001282848|RGN,0,0,0,0,0,0,0,0,0,0,0,0
NM_001282849|RGN,0,0,0,0,0,0,0,0,0,0,0,0
NM_004683|RGN,0,0,0,0,0,0,0,0,0,0,0,0
NM_152869|RGN,4,0,0,0,0,0,0,0,0,0,0,0
MSTRG.264,131,142,108,93,90,45,155,110,94,52,67,66
MSTRG.265,14,0,7,76,94,49,38,20,53,72,103,111
MSTRG.266,0,2,1,1,0,0,0,0,0,3,0,2
MSTRG.265|ZNF674,99,103,89,0,0,0,120,87,67,2,0,0
MSTRG.268,3852,2834,3160,1554,1571,1565,3579,1942,2729,1828,2098,2423
MSTRG.268|SLC9A7,1271,870,1108,300,697,483,962,643,903,861,789,915
MSTRG.262,1095,740,1074,828,469,432,672,581,687,552,526,825
MSTRG.264|KRBOX4,216,228,202,128,164,86,196,120,240,144,254,191
MSTRG.267,42,24,36,2,10,19,23,27,37,12,10,24
MSTRG.267|ZNF674-AS1,62,94,93,42,55,34,87,54,79,37,68,68
MSTRG.267|CHST7,130,109,133,153,210,62,292,233,205,96,205,273
MSTRG.269,11,4,6,8,5,0,11,8,11,2,7,5
MSTRG.271,15,7,12,0,4,6,8,5,4,0,11,8
MSTRG.273,0,0,3,0,0,0,717,0,0,0,0,0
MSTRG.273|NDUFB11,1498,1384,2026,1733,1320,724,854,1463,1993,1008,1649,1761
MSTRG.274|RBM10,2303,1675,2586,1912,1940,1091,2762,1841,2786,1403,1811,1972
MSTRG.274,231,175,356,52,80,29,267,35,197,147,180,87
MSTRG.278|USP11,1354,1801,2352,1295,1391,850,2062,1318,1819,1387,1359,1160
MSTRG.278,702,4,113,4,76,5,89,4,4,71,3,108
MSTRG.279,15,6,16,8,5,5,9,10,6,3,4,4
MSTRG.281|SNORA11C,0,0,0,0,0,0,0,0,0,0,0,0
MSTRG.282,0,3,2,0,0,0,8,0,2,0,0,0
MSTRG.283,561,605,310,290,396,242,598,418,315,311,295,411
MSTRG.283|ZNF41,0,0,173,0,0,0,65,0,223,58,152,21
MSTRG.284|LINC01560,0,0,0,2,5,0,10,9,0,2,11,6
MSTRG.280|ZNF157,2,2,3,1,1,3,1,3,2,0,2,5
MSTRG.285,0,3,162,3,2,3,2,154,136,2,4,5
MSTRG.286,172,121,743,127,111,72,149,551,491,85,120,165
MSTRG.275,1042,625,1214,125,207,228,634,218,402,224,515,422
MSTRG.276,0,3,5,0,0,0,3,0,0,0,0,0
MSTRG.277,67,189,834,141,504,6,1202,191,648,1050,274,32
MSTRG.275|UBA1,10455,8922,13935,9345,8472,5728,12539,6664,11076,7618,6953,8375
MSTRG.275|INE1,29,36,34,10,14,14,40,10,35,19,33,16
MSTRG.277|CDK16,1686,1284,1307,1141,569,813,553,907,1255,3,865,1500
MSTRG.287,1935,1387,2056,1635,1411,745,2088,1183,2102,1062,1375,1492
MSTRG.287|ARAF,61,44,39,21,28,7,47,24,36,29,38,42
MSTRG.288|SYN1,36,44,17,42,29,7,63,10,56,8,0,43
MSTRG.290|MIR4769,0,0,0,0,0,0,0,0,0,0,0,0
MSTRG.289|TIMP1,2777,1171,1389,1018,1197,755,1414,736,2219,735,791,1444
MSTRG.291|CFP,0,0,0,294,121,0,201,80,322,0,0,136
MSTRG.293|ELK1,1907,1770,2001,1512,1640,754,1906,1461,2493,1010,1673,1756
MSTRG.291,120,23,65,4,2,39,3,1,42,60,29,2
MSTRG.292,21,16,15,20,18,4,20,16,17,6,9,17
MSTRG.294,79,68,241,111,58,26,103,109,190,58,181,54
MSTRG.294|UXT,1811,1870,2216,1740,1375,801,1523,1682,1796,1226,1596,2046
MSTRG.295|UXT-AS1,10,3,8,3,7,5,8,5,3,6,1,6
MSTRG.295,1,0,0,3,0,0,0,0,0,0,0,0
MSTRG.297,249,544,120,133,324,217,493,178,340,191,314,309
MSTRG.299,205,28,180,196,174,115,151,212,205,4,264,123
MSTRG.300|SPACA5,0,1,0,0,0,0,0,0,0,0,0,0
MSTRG.300|SPACA5B,0,0,0,0,0,0,0,0,0,0,0,0
MSTRG.296,8,6,5,4,1,2,3,16,16,2,1,17
MSTRG.297|ZNF81,307,0,184,58,0,0,0,71,225,98,0,0
MSTRG.298,24,24,21,13,23,8,16,6,30,5,14,12
MSTRG.299|ZNF182,158,374,102,0,88,66,229,85,107,219,10,139
MSTRG.301|ZNF630-AS1,0,0,0,0,0,0,0,0,0,0,0,0
MSTRG.302|ZNF630,77,76,45,42,47,25,64,64,42,16,76,53
MSTRG.302,4,18,30,0,0,0,1,0,1,16,0,5
MSTRG.303,0,0,2,0,0,3,0,0,2,0,4,0
NM_205856|SPACA5,0,1,0,0,0,0,0,0,0,0,0,0
NM_001079900|SPACA5B,0,0,0,0,0,0,0,0,0,0,0,0
NM_001034832|SSX4B,0,0,0,0,0,0,0,0,0,0,0,0
NM_001040612|SSX4B,0,0,0,0,0,0,0,0,0,0,0,0
NM_005636|SSX4,0,0,0,0,0,0,0,0,0,0,0,0
NM_175729|SSX4,0,0,0,0,0,0,0,0,0,0,0,0
MSTRG.304|SSX4,0,0,0,0,0,0,0,0,0,0,0,0
MSTRG.306|SLC38A5,0,0,0,0,0,0,0,0,0,0,0,41
MSTRG.306,1336,1112,2069,1533,1389,745,1810,1299,1860,775,1428,1158
MSTRG.307|FTSJ1,577,459,657,544,397,229,663,582,519,283,382,497
MSTRG.305,1,7,13,5,4,6,16,4,11,4,7,9
MSTRG.307,605,816,752,683,676,296,801,536,942,440,815,596
MSTRG.315|SUV39H1,844,677,894,503,429,347,609,537,602,377,421,638
MSTRG.315,98,159,289,160,190,64,269,109,178,209,174,62
NM_001080489|GLOD5,0,0,0,0,0,0,0,0,0,0,0,0
MSTRG.317,1334,710,1362,228,320,427,827,643,1289,600,1042,729
MSTRG.317|HDAC6,0,502,214,624,648,123,738,314,325,341,149,383
MSTRG.316,223,277,309,173,189,92,253,239,253,181,166,206
NM_002049|GATA1,2,0,0,0,0,0,2,0,2,0,0,0
NM_181532|ERAS,2,0,0,0,0,0,0,0,0,0,0,0
MSTRG.309|PORCN,13,97,111,30,20,91,110,69,24,114,81,73
MSTRG.309,279,122,258,203,186,43,163,99,361,25,104,151
MSTRG.310,1091,201,329,187,117,190,930,627,1133,70,111,475
MSTRG.311,174,229,203,90,164,115,277,5,298,181,218,162
MSTRG.312,1015,1702,2488,776,555,268,886,946,1160,735,1065,1000
MSTRG.313|WDR13,785,398,794,427,302,326,526,425,617,266,451,536
MSTRG.314,233,334,792,419,225,368,1986,421,238,189,166,232
MSTRG.308,2,3,8,1,4,2,5,15,4,3,4,4
MSTRG.310|EBP,1209,1647,2439,1151,1171,1021,398,812,610,996,1464,1183
MSTRG.311|TBC1D25,833,490,676,374,281,248,305,454,247,183,341,404
MSTRG.312|RBM3,8094,13331,6881,6403,5477,2526,6536,7673,8312,5098,7158,8441
MSTRG.313,158,218,87,319,408,32,346,256,652,185,328,381
MSTRG.314|WAS,2476,1883,2612,1549,1828,948,895,1060,2252,1521,1962,1813
MSTRG.327,1,0,2,103,17,0,108,8,110,77,22,66
MSTRG.327|CCDC120,137,115,140,9,101,47,54,93,0,0,131,44
MSTRG.328,506,400,652,425,342,155,419,340,428,125,289,309
MSTRG.328|WDR45,35,116,64,69,45,72,133,53,71,81,338,82
MSTRG.328|PRAF2,97,89,114,91,52,62,85,42,35,73,76,54
MSTRG.329,1,2,1,0,1,0,2,0,1,0,0,0
MSTRG.330|GPKOW,759,703,785,524,567,261,710,565,1027,415,551,573
MSTRG.331,36,49,62,18,31,14,81,31,47,10,26,24
MSTRG.332,10,11,19,0,1,3,16,3,11,5,7,6
MSTRG.319|PQBP1,923,889,1506,623,776,467,788,586,1159,650,772,780
MSTRG.320,155,257,358,513,222,0,269,289,755,794,237,408
MSTRG.320|SLC35A2,426,168,152,408,398,189,231,273,488,227,232,316
MSTRG.321,742,1182,1761,1102,524,211,1377,970,896,309,1215,1240
MSTRG.322,0,0,4,0,0,0,0,4,0,0,0,0
MSTRG.323,270,1226,2052,676,1060,62,1038,1030,495,899,1047,245
MSTRG.324,0,1,0,0,0,0,0,0,0,0,0,0
MSTRG.325,0,4,4,3,5,4,7,3,6,4,0,0
MSTRG.318|TIMM17B,962,672,1236,897,763,379,843,675,1151,528,842,814
MSTRG.319,404,109,159,365,94,37,305,219,136,72,207,110
MSTRG.320|PIM2,2807,3742,5509,7792,3476,1780,3041,3200,3912,1938,5506,3488
MSTRG.321|OTUD5,1198,436,331,615,1141,621,689,523,1344,791,333,429
MSTRG.322|KCND1,74,66,56,27,31,29,42,33,39,18,31,35
MSTRG.323|GRIPAP1,2093,352,0,520,388,673,904,224,1565,229,609,1093
MSTRG.326|TFE3,1219,991,1079,954,863,524,1178,871,1278,802,1234,1105
MSTRG.326,210,107,243,67,51,22,76,99,87,42,116,131
MSTRG.333|MAGIX,1,4,5,0,14,6,1,1,2,3,4,8
MSTRG.333,31,18,16,13,2,0,25,9,23,7,15,12
MSTRG.334,0,0,0,0,0,0,162,0,0,0,0,0
MSTRG.335|PRICKLE3,578,430,569,427,476,259,602,386,783,296,538,603
MSTRG.334|PLP2,2341,1848,2715,1048,1285,867,1800,1716,1627,1332,2182,2012
MSTRG.336,0,0,1,0,0,0,0,0,0,0,0,0
MSTRG.337|SYP-AS1,0,0,1,0,0,0,0,0,0,0,0,0
MSTRG.336|SYP,20,14,55,15,23,15,17,17,30,11,15,18
MSTRG.338|CACNA1F,7,30,0,11,3,0,13,0,17,0,0,19
MSTRG.338,0,0,0,0,3,0,1,0,3,0,0,0
MSTRG.339,31,6,75,56,13,0,10,6,8,51,10,165
MSTRG.339|CCDC22,773,629,933,535,590,352,726,497,811,367,536,590
MSTRG.340|FOXP3,8,6,13,7,6,6,12,0,8,0,7,5
MSTRG.340,1,0,2,0,2,0,4,0,1,0,0,0
MSTRG.341|PPP1R3F,77,73,35,78,106,23,129,87,105,57,74,104
MSTRG.341,16,8,56,16,14,4,24,6,17,9,11,11
NM_001098413|GAGE10,0,0,0,0,0,0,0,0,0,0,0,0
NM_001127199|GAGE12D,0,0,0,0,0,0,0,0,0,0,0,0
NM_001098406|GAGE12J,0,0,0,0,0,0,0,0,0,0,0,0
NM_001098407|GAGE2D,0,0,0,0,0,0,0,0,0,0,0,0
NM_001098412|GAGE13,0,0,0,0,0,0,0,0,0,0,0,0
NM_001127200|GAGE2E,0,0,0,0,0,0,0,0,0,0,0,0
NM_012196|GAGE8,0,0,0,0,0,0,0,0,0,0,0,0
NM_001098405|GAGE12F,0,0,0,0,0,0,0,0,0,0,0,0
NM_001098409|GAGE12G,0,0,0,0,0,0,0,0,0,0,0,0
NM_001474|GAGE4,0,0,0,0,0,0,0,0,0,0,0,0
NM_001476|GAGE6,0,0,0,0,0,0,0,0,0,0,0,0
NM_001475|GAGE5,0,0,0,0,0,0,0,0,0,0,0,0
NM_001477|GAGE12I,0,0,0,0,0,0,0,0,0,0,0,0
NM_021123|GAGE7,0,0,0,0,0,0,0,0,0,0,0,0
NM_001098408|GAGE12C,0,0,0,0,0,0,0,0,0,0,0,0
NM_001098410|GAGE12H,0,0,0,0,0,0,0,0,0,0,0,0
NM_001098418|GAGE12E,0,0,0,0,0,0,0,0,0,0,0,0
NM_001127345|GAGE12B,0,0,0,0,0,0,0,0,0,0,0,0
NM_001040663|GAGE1,0,0,0,0,0,0,0,0,0,0,0,0
NR_102272|GAGE1,0,0,0,0,0,0,0,0,0,0,0,0
MSTRG.342,36,36,55,33,8,16,27,5,76,5,12,21
MSTRG.343|USP27X-AS1,31,22,39,15,22,8,24,17,33,15,21,35
MSTRG.344|USP27X,81,77,67,21,40,30,81,47,48,40,58,52
MSTRG.345|CLCN5,253,273,60,122,141,78,259,129,414,148,135,218
MSTRG.346|MIR532,0,0,0,0,0,0,0,0,0,0,0,0
MSTRG.347|MIR188,0,0,0,0,0,0,0,0,0,0,0,0
MSTRG.348|MIR500A,0,0,0,0,0,0,0,0,0,0,0,0
MSTRG.349|MIR362,0,0,0,0,0,0,0,0,0,0,0,0
MSTRG.350|MIR501,0,0,0,0,0,0,0,0,0,0,0,0
MSTRG.351|MIR500B,0,0,0,0,0,0,0,0,0,0,0,0
MSTRG.352|MIR660,0,0,0,0,0,0,0,0,0,0,0,0
MSTRG.353|MIR502,0,0,0,0,0,0,0,0,0,0,0,0
MSTRG.345,1,1,149,3,0,0,0,0,1,0,0,1
MSTRG.354,1,1,0,0,0,0,3,1,2,0,0,0
MSTRG.355,0,2,0,0,0,0,0,0,0,0,0,0
MSTRG.355|CCNB3,17,24,7,4,6,3,10,7,15,5,17,9
NR_027121|SHROOM4,0,0,0,0,0,0,0,0,0,0,0,0
NM_020717|SHROOM4,3,0,0,0,0,0,1,2,0,2,0,0
MSTRG.356|GSPT2,591,525,597,388,501,246,542,442,618,378,620,439
MSTRG.360,7,10,8,2,8,4,8,7,15,6,10,15
MSTRG.358,0,0,3,0,0,0,2,0,1,0,2,0
MSTRG.359|MAGED4B,16,4,0,0,0,0,0,0,0,0,0,0
MSTRG.359|SNORA11D,0,1,0,0,0,0,0,0,0,0,0,0
MSTRG.357|MAGED4,0,0,0,0,0,0,0,0,0,0,0,0
MSTRG.357|SNORA11E,0,1,0,0,0,0,0,0,0,0,0,0
MSTRG.357|MAGED1,4199,4263,4754,4240,2828,1589,3716,2884,4632,2275,3876,3369
MSTRG.357,510,21,44,62,215,160,113,75,117,102,6,59
MSTRG.359|MAGED4,8,1,4,3,2,1,1,2,2,2,2,1
MSTRG.357|MAGED4B,25,7,4,2,2,1,1,2,2,2,4,2
MSTRG.361,519,614,660,356,368,224,703,335,758,259,442,399
MSTRG.361|FAM156A,0,0,0,0,0,2,0,0,0,0,0,0
MSTRG.361|FAM156B,0,2,0,5,0,0,2,0,2,0,2,0
MSTRG.363,0,0,0,0,0,0,1,0,0,0,2,0
MSTRG.364,103,131,84,38,64,27,112,97,107,64,147,66
MSTRG.365|FAM156B,0,0,0,49,0,0,43,0,87,0,45,42
MSTRG.365|FAM156A,135,181,147,36,62,64,140,81,73,38,67,66
MSTRG.365,373,335,441,241,260,120,366,216,509,211,272,281
MSTRG.366,34,0,0,26,43,0,9,0,38,0,0,15
MSTRG.366|TSPYL2,681,744,751,560,546,201,851,517,823,407,730,616
MSTRG.371|IQSEC2,7,30,9,6,0,0,4,0,11,0,0,0
MSTRG.367,214,333,253,208,237,76,367,208,405,188,253,218
MSTRG.368,197,224,112,44,57,35,253,79,170,103,133,154
MSTRG.369|KDM5C,1606,104,2369,496,756,731,936,795,983,444,692,599
MSTRG.370|MIR6895,0,0,1,0,0,1,0,0,1,0,1,0
MSTRG.367|KANTR,20,23,19,5,15,4,36,17,0,14,15,8
MSTRG.369,2282,2948,4088,2521,1179,1822,3977,1055,2104,2678,1766,3996
MSTRG.369|MIR6894,2,1,2,2,2,2,4,1,3,3,4,3
MSTRG.372,5,5,17,3,0,4,6,0,3,5,3,6
MSTRG.373,640,235,1772,538,620,298,1095,325,883,616,687,847
MSTRG.373|MIR6857,0,0,0,0,0,0,0,0,0,1,0,1
MSTRG.375|RIBC1,16,12,15,9,11,5,13,15,14,6,9,11
MSTRG.376,28,93,90,18,4,41,43,0,10,0,49,47
MSTRG.373|SMC1A,6978,7354,9657,3646,4116,4583,9732,4546,6171,6686,4005,7639
MSTRG.374,1,0,2,0,0,0,0,0,0,3,0,0
MSTRG.376|HSD17B10,2200,1635,2515,1684,1784,814,1801,1364,2923,1077,1428,1663
MSTRG.379,21,29,28,23,39,14,20,40,65,23,22,33
MSTRG.380,43,58,57,29,40,18,44,65,65,34,65,40
MSTRG.381,710,193,828,237,204,305,705,307,353,459,185,250
MSTRG.381|PHF8,1180,1364,1045,632,996,414,1100,824,1571,610,1150,937
MSTRG.384|FAM120C,183,236,275,147,278,110,423,179,246,126,178,139
MSTRG.384,6,0,5,0,2,4,0,0,7,29,4,0
MSTRG.385|WNK3,23,13,18,4,12,0,18,9,30,8,10,3
MSTRG.386,144,254,195,383,0,57,72,2,291,111,0,57
MSTRG.386|TSR2,1443,890,1641,556,1219,520,1203,1043,1135,849,1099,895
MSTRG.387|FGD1,2,0,4,0,0,0,0,0,0,0,0,0
MSTRG.389,35,115,568,110,58,16,96,29,173,84,37,137
MSTRG.388,1,1,0,1,3,0,3,1,4,0,0,0
MSTRG.389|GNL3L,2233,1672,1585,2289,2274,923,3534,1085,1603,976,1236,1004
MSTRG.391,525,185,243,222,225,127,217,248,273,161,265,235
MSTRG.391|MAGED2,1326,948,1189,732,844,591,887,1106,874,779,1249,924
MSTRG.391|SNORA11,2,0,2,0,0,0,3,2,2,1,2,2
MSTRG.392|TRO,24,1,29,0,2,16,84,143,24,27,0,41
MSTRG.392,329,362,228,101,70,85,185,368,430,157,105,258
MSTRG.393|PFKFB1,9,8,16,12,8,6,13,7,15,10,6,8
MSTRG.393,0,0,6,4,2,0,7,9,0,0,5,0
MSTRG.394|APEX2,1574,1519,1937,1184,1091,682,1583,1127,1718,990,1049,1209
MSTRG.395|ALAS2,0,0,0,0,0,0,0,0,0,0,0,3
MSTRG.396,0,3,0,0,0,0,0,0,0,0,0,0
MSTRG.397|PAGE2B,0,0,3,0,0,0,0,0,0,0,0,0
MSTRG.397,2,1,3,0,0,0,0,0,0,0,0,0
MSTRG.399|FAM104B,120,202,159,153,130,62,202,213,195,136,148,149
MSTRG.400|MTRNR2L10,1,1,1,1,0,1,0,0,1,2,1,1
MSTRG.401|MAGEH1,347,332,456,411,354,167,391,365,505,252,441,293
MSTRG.402|USP51,59,0,77,43,0,0,144,25,147,86,0,57
MSTRG.402,23,90,0,0,87,22,0,56,0,0,45,3
MSTRG.403,183,240,186,172,193,81,239,182,401,145,173,151
MSTRG.403|RRAGB,154,61,67,37,59,24,77,45,66,49,40,18
MSTRG.404,56,38,44,22,29,4,45,35,14,3,22,24
MSTRG.382,19872,19547,17989,10189,10166,8007,21604,9725,22356,14276,10322,12904
MSTRG.382|HUWE1,0,0,0,50,2456,0,224,559,2025,0,1962,3319
MSTRG.383|MIR98,0,0,0,0,0,0,1,0,0,0,1,0
MSTRG.382|MIRLET7F2,0,0,0,0,0,0,1,0,0,0,0,0
MSTRG.405,60,50,46,45,72,15,92,80,101,51,74,32
MSTRG.406,164,80,206,0,78,36,58,125,182,74,109,103
MSTRG.406|KLF8,308,194,35,99,145,163,239,84,219,72,0,155
MSTRG.407|UBQLN2,1182,1329,1274,1076,1239,536,1900,1222,1828,947,1181,1203
MSTRG.411,0,0,1,0,3,0,1,0,0,1,0,1
MSTRG.408,522,137,133,91,110,58,117,124,183,101,121,99
MSTRG.408|LINC01420,259,625,554,442,483,259,556,490,778,469,515,541
MSTRG.409|UQCRBP1,104,104,131,28,108,38,34,70,103,53,88,110
MSTRG.410,1,1,1,0,1,0,1,0,0,4,0,1
MSTRG.412,106,162,104,72,153,15,170,103,314,48,229,198
MSTRG.412|SPIN3,279,358,332,223,166,133,412,145,356,197,166,92
MSTRG.413,8,25,17,29,31,23,44,35,26,33,23,17
MSTRG.413|SPIN2B,55,66,63,0,0,0,59,31,61,25,60,33
MSTRG.414,2,3,1,0,0,0,0,0,2,0,0,0
MSTRG.415,12,38,23,18,29,7,62,10,43,11,16,13
MSTRG.416|SPIN2A,23,32,36,14,21,9,32,22,23,17,23,15
MSTRG.416,5,6,0,0,0,0,0,2,4,0,9,4
MSTRG.417,25,98,80,41,20,42,43,11,16,32,109,142
MSTRG.417|FAAH2,49,55,11,1,0,0,4,40,62,8,0,0
MSTRG.418,1,2,0,1,0,0,0,0,5,0,0,1
MSTRG.419|ZXDB,352,406,369,208,275,149,359,279,276,189,379,323
MSTRG.420|ZXDA,130,165,124,72,76,55,155,91,113,69,154,123
MSTRG.421,132,243,144,147,198,69,229,226,195,139,143,137
MSTRG.422,7,10,12,4,7,1,6,5,11,4,0,5
MSTRG.423,79,82,82,37,63,23,92,42,74,42,41,58
MSTRG.424|SPIN4,447,577,540,296,382,212,629,376,468,338,393,493
MSTRG.425,231,242,228,134,154,79,239,27,289,160,102,166
MSTRG.425|LINC01278,125,98,141,27,88,54,202,201,153,70,106,93
MSTRG.426,810,866,832,483,650,278,843,521,871,443,319,645
MSTRG.426|ARHGEF9,148,245,197,23,0,102,103,112,257,152,142,226
MSTRG.427|ARHGEF9-IT1,1,1,0,0,0,0,0,0,1,0,0,0
MSTRG.428,44,0,118,1,441,0,0,0,0,0,4,0
MSTRG.428|AMER1,715,689,585,381,0,241,790,402,938,569,444,529
MSTRG.429|ASB12,0,2,0,1,4,0,2,2,2,0,0,0
MSTRG.429,6,33,72,0,1,0,26,10,31,9,24,0
MSTRG.429|MTMR8,77,49,22,39,45,29,33,33,42,40,43,83
MSTRG.430,2,0,0,2,2,0,5,4,3,2,0,0
MSTRG.431,8,19,36,10,11,6,34,54,5,17,87,9
MSTRG.432|ZC4H2,330,380,340,155,161,85,301,260,350,248,181,294
MSTRG.433,5,12,5,8,5,0,19,4,10,11,0,3
MSTRG.434,0,3,0,4,0,0,2,3,4,0,2,0
MSTRG.435|ZC3H12B,27,45,25,21,25,9,30,24,53,20,21,30
NR_033742|FRMD8P1,1,1,1,0,0,0,1,1,0,0,1,1
MSTRG.436,304,607,436,329,336,68,603,307,448,287,318,264
MSTRG.436|LAS1L,1892,1702,2077,1315,1398,741,2043,1461,2408,1117,1054,1528
MSTRG.438,19,59,102,0,0,33,0,4,0,0,0,26
MSTRG.438|MIR223,43,13,19,9,17,4,66,15,25,19,44,8
NM_001100431|VSIG4,0,0,0,0,0,0,0,0,0,0,0,0
NM_001184831|VSIG4,0,0,0,0,0,0,0,0,0,0,0,0
NM_001257403|VSIG4,0,0,0,0,0,0,0,0,0,0,0,0
NM_007268|VSIG4,0,0,0,0,0,0,0,0,0,0,0,0
NM_001184830|VSIG4,4,0,0,0,0,0,0,0,0,0,1,0
MSTRG.439,194,32,64,50,70,21,4,0,341,36,56,38
MSTRG.439|HEPH,15,134,11,0,80,0,134,33,31,7,0,95
MSTRG.440,812,891,519,319,368,83,477,244,840,269,497,481
MSTRG.440|EDA2R,67,115,109,46,187,72,249,136,297,46,46,53
NM_001011645|AR,0,0,0,0,0,0,0,0,0,0,0,0
NM_000044|AR,4,5,8,0,0,0,0,0,0,4,0,3
NM_002547|OPHN1,6,0,1,1,2,0,3,1,2,1,0,1
MSTRG.441,5,6,8,2,6,3,4,1,11,3,6,3
MSTRG.441|YIPF6,513,583,559,366,435,211,468,468,579,287,559,505
MSTRG.442|STARD8,25,10,20,0,0,14,8,0,10,6,40,18
MSTRG.443,1695,1795,1602,1205,1064,674,1597,1244,1824,946,1042,1388
MSTRG.444|EFNB1,36,7,63,31,34,15,39,34,46,19,48,28
MSTRG.437,9803,1310,11203,4837,3137,11,1392,291,4158,9002,936,12439
MSTRG.437|MSN,27119,27684,26120,11535,15742,14778,29848,17266,24307,12171,22852,9998
MSTRG.445|PJA1,221,243,328,250,274,74,136,135,276,220,353,268
MSTRG.445,109,42,77,0,0,79,224,227,0,63,0,28
MSTRG.446|EDA,1,0,2,0,0,0,0,0,1,0,0,1
MSTRG.448|MIR676,0,0,0,0,0,0,0,0,0,0,0,0
MSTRG.447,71,94,76,52,56,27,95,69,62,45,84,66
NM_001002254|AWAT2,0,0,0,0,0,0,0,0,0,0,0,0
MSTRG.449,3,2,2,2,0,0,4,0,2,0,0,0
MSTRG.450,1741,2192,3146,765,725,1027,1544,1957,625,568,2477,1410
MSTRG.450|IGBP1,764,0,0,751,675,15,102,0,1271,1062,0,601
MSTRG.451|DGAT2L6,7,6,9,2,5,0,12,5,0,19,8,8
MSTRG.452|P2RY4,3,1,3,0,0,1,4,0,1,1,1,1
MSTRG.456|RAB41,0,2,5,0,0,0,0,0,5,2,6,0
MSTRG.458,2,82,5,115,2,2,60,1,191,2,115,1
MSTRG.453|ARR3,7,4,4,0,2,2,7,0,7,3,0,0
MSTRG.454,6,0,0,0,0,0,3,0,0,0,0,0
MSTRG.455,5,1,6,2,0,4,5,0,2,0,2,6
MSTRG.457,275,296,305,202,249,121,250,182,259,92,259,272
MSTRG.457|PDZD11,685,452,611,283,445,180,539,421,645,419,416,359
MSTRG.458|KIF4A,1733,1501,1856,552,921,727,1429,1281,899,1003,1114,1318
MSTRG.459|DLG3,201,235,422,44,182,111,258,261,286,276,0,199
MSTRG.460|DLG3-AS1,2,3,0,0,3,0,6,2,5,3,2,2
MSTRG.459,118,9,158,63,8,7,178,13,13,114,195,139
MSTRG.461,382,1519,261,223,136,187,181,74,109,71,1119,2271
MSTRG.464,21,24,19,9,14,6,27,10,14,5,11,0
MSTRG.462,10,18,13,6,4,3,8,4,9,2,2,2
MSTRG.463,744,692,597,334,582,205,625,489,488,432,583,359
MSTRG.463|SNX12,866,1033,1078,685,558,494,730,604,1254,570,563,861
MSTRG.465|FOXO4,277,180,392,138,141,89,187,217,174,167,167,132
MSTRG.465,0,0,0,0,0,37,51,0,55,59,89,69
MSTRG.466|CXorf65,9,19,3,9,5,0,15,0,12,0,17,0
MSTRG.469,111,98,124,94,114,59,125,75,96,51,52,67
MSTRG.470,13,5,10,7,10,7,12,8,13,8,11,6
MSTRG.469|NLGN3,34,41,28,11,9,12,36,19,27,10,30,30
MSTRG.471,0,0,4,3,0,2,6,2,5,0,2,0
MSTRG.466,24,36,41,17,19,16,54,20,51,11,13,41
MSTRG.467,5,2,8,2,4,5,5,0,7,2,4,5
MSTRG.468,1044,4686,1811,1274,628,106,1658,824,3611,310,923,548
MSTRG.468|IL2RG,7823,3345,6551,4953,4526,3773,4875,4706,4519,3965,6116,6702
MSTRG.469|MED12,2628,2082,2199,973,1204,913,2425,1110,2305,1336,1349,1608
MSTRG.472,102,53,149,52,87,40,90,60,72,44,78,40
MSTRG.487,265,76,89,17,42,99,41,18,42,32,188,61
MSTRG.487|CXCR3,762,380,397,208,366,520,439,103,151,193,1042,400
MSTRG.488,3,5,3,2,2,2,5,3,5,5,0,1
MSTRG.488|LOC100132741,15,22,29,9,16,7,21,19,11,14,3,8
NM_001145139|CXorf49B,0,0,0,0,0,0,0,0,0,0,0,0
NM_001145140|CXorf49,0,0,0,0,0,0,0,0,0,0,0,0
MSTRG.489|LOC100132741,17,25,31,11,17,8,24,20,14,18,3,9
MSTRG.490|NHSL2,10,1,5,0,8,2,2,4,7,11,3,13
MSTRG.491|RPS26P11,404,443,414,209,122,208,198,265,217,94,413,313
MSTRG.492|RGAG4,53,8,49,8,24,3,28,21,36,31,20,28
MSTRG.493|FLJ44635,63,126,149,52,0,50,62,167,117,93,141,167
NM_001097642|GJB1,0,0,0,0,0,0,0,0,0,0,0,0
NM_000166|GJB1,0,0,0,0,0,0,0,0,0,0,0,0
MSTRG.473,814,620,806,234,532,402,1034,568,116,944,272,567
MSTRG.476|NONO,13821,15258,19453,11580,4628,6649,17986,11241,17131,11010,9373,11542
MSTRG.476,0,0,0,0,7286,0,0,0,0,0,0,0
MSTRG.478,0,7,17,0,0,0,20,0,0,0,6,0
MSTRG.481,0,3,3,0,0,0,2,0,2,0,0,1
MSTRG.482|TAF1,1567,762,612,350,852,490,1403,417,516,841,991,590
MSTRG.482,1366,1344,1262,459,379,455,786,1061,1180,575,681,1000
MSTRG.484|INGX,0,0,0,2,1,3,0,0,1,0,0,0
MSTRG.485,7797,4695,8087,2719,4631,2327,5298,3408,6326,2673,3322,4445
MSTRG.486,66,32,44,29,55,0,29,0,35,2,5,4
MSTRG.473|ZMYM3,1897,1520,1915,840,699,673,1159,719,2111,588,872,1008
MSTRG.474,2,0,0,0,0,0,3,0,1,0,0,0
MSTRG.475,8,0,10,8,4,9,6,8,3,5,0,11
MSTRG.477,23,38,30,8,17,7,41,8,25,14,19,21
MSTRG.478|ITGB1BP2,29,18,20,22,10,10,21,8,28,7,26,10
MSTRG.479,16,17,7,8,16,11,16,21,11,10,14,15
MSTRG.480,10,18,12,5,10,3,16,13,14,10,15,7
MSTRG.483,82,70,97,37,46,26,65,50,57,36,50,41
MSTRG.485|OGT,1897,6195,1715,1144,1525,1309,5509,1562,1726,1303,5459,1669
MSTRG.486|ACRC,4,21,31,15,0,24,42,41,32,26,50,28
MSTRG.497|CITED1,0,2,0,0,0,0,0,0,0,1,3,0
MSTRG.497|HDAC8,463,458,588,288,358,193,422,423,548,349,424,370
MSTRG.497,77,105,31,45,9,16,59,86,54,14,46,7
MSTRG.498|PHKA1,90,37,52,17,32,36,47,23,60,36,28,40
MSTRG.500|LOC101928259,0,0,0,0,0,0,1,0,1,0,0,0
MSTRG.499,7,14,6,8,9,2,8,11,10,5,8,9
MSTRG.501|FAM226A,14,12,26,6,5,10,6,2,4,8,7,19
NM_001080851|DMRTC1B,0,0,0,0,0,0,0,0,0,0,0,0
NM_033053|DMRTC1,0,0,1,2,0,0,0,0,0,0,0,0
MSTRG.502|DMRTC1,0,0,2,0,0,0,0,0,0,0,0,0
MSTRG.503|FAM226A,14,13,26,6,7,10,6,2,4,8,7,20
MSTRG.504|NAP1L6,32,2,1,2,0,0,0,0,0,0,0,0
MSTRG.505|NAP1L2,196,114,110,32,121,60,43,70,89,51,67,106
MSTRG.506,275,268,328,195,130,95,164,220,225,175,293,262
MSTRG.507,0,0,5,0,0,0,0,0,2,0,0,0
NR_029423|MAP2K4P1,13,14,8,3,9,5,12,6,10,5,7,10
MSTRG.507|CHIC1,529,610,284,252,373,148,446,333,627,269,490,401
MSTRG.508,17,15,9,10,9,5,15,7,17,9,11,8
MSTRG.510,0,0,850,706,0,601,6933,0,0,871,4,1482
MSTRG.509|TSIX,16,6,800,348,12,62,1005,6,6,168,0,271
MSTRG.510|XIST,6,0,7577,4656,3,3305,13375,7,3,4856,24,7997
MSTRG.494|PIN4,238,292,301,294,319,117,411,328,330,238,293,206
MSTRG.496,49,9449,1494,67,12094,355,24583,12541,24833,18671,15544,13286
MSTRG.495,143,141,114,100,5,84,324,147,287,170,168,207
MSTRG.495|ERCC6L,444,579,379,198,465,149,364,383,347,281,348,273
MSTRG.496|RPS4X,37567,28070,87504,55677,14249,26977,25863,22540,12979,21572,19162,42143
MSTRG.511,230,358,435,308,333,181,708,238,343,315,244,299
MSTRG.514|FTX,0,140,0,67,5,0,29,129,156,98,110,135
MSTRG.514,445,653,500,295,537,187,1033,326,645,239,506,281
MSTRG.518|MIR545,0,0,0,0,0,0,0,0,0,0,0,0
MSTRG.519|MIR374A,0,0,0,0,0,0,0,0,0,0,0,0
MSTRG.511|JPX,7,13,5,13,3,2,12,6,3,5,4,0
MSTRG.512,2,1,0,8,0,3,12,0,2,0,3,0
MSTRG.513,1,1,2,2,2,0,2,0,1,0,1,3
MSTRG.515|MIR421,1,2,0,0,1,2,3,0,1,1,1,1
MSTRG.516|MIR374B,1,1,1,1,1,0,2,1,1,0,1,0
MSTRG.517|MIR374C,1,0,1,1,0,0,0,1,0,0,0,0
NM_006517|SLC16A2,0,0,2,0,0,0,0,0,0,0,0,0
MSTRG.520,1,1,1603,0,0,1,0,481,0,27,0,0
MSTRG.520|RLIM,2640,2839,968,1603,1693,1237,2457,1709,2519,1688,2357,2284
MSTRG.521|KIAA2022,302,103,238,33,80,202,135,127,157,83,61,70
MSTRG.522,84,338,298,102,376,162,280,218,201,172,80,73
MSTRG.522|ABCB7,1239,1190,1016,872,578,321,966,977,1451,775,1098,1155
MSTRG.523|UPRT,528,652,503,363,393,242,409,470,573,250,418,576
MSTRG.523,58,57,129,8,83,0,129,73,12,110,148,35
MSTRG.524,17,37,20,15,21,11,35,23,26,11,24,22
MSTRG.525|ZDHHC15,0,0,1,2,0,0,0,0,0,0,0,1
MSTRG.526,469,607,340,700,164,241,749,754,22,473,488,406
MSTRG.527|TTC3P1,18,15,22,11,10,10,33,8,20,13,14,11
MSTRG.529,53,35,43,0,45,0,30,282,0,26,43,38
MSTRG.529|PBDC1,716,752,658,639,785,163,816,434,952,466,804,550
MSTRG.530,295,377,346,185,231,124,222,339,485,207,259,371
MSTRG.531,88,85,90,45,73,29,73,85,111,44,58,76
MSTRG.532|MAGEE1,74,73,88,28,37,47,100,14,43,37,52,61
MSTRG.533,0,0,0,0,0,0,0,0,2,0,2,0
MSTRG.535,3148,3676,1435,1514,789,1165,3304,1516,3492,943,2523,1569
MSTRG.536,0,0,2,0,0,0,0,0,0,0,0,0
MSTRG.537,45,117,107,99,189,9,56,22,53,23,94,86
MSTRG.538,0,0,3,0,0,0,0,0,0,0,0,0
MSTRG.535|ATRX,272,593,552,0,1776,0,700,1087,25,1422,0,831
MSTRG.537|MAGT1,3610,3197,3197,2115,2531,1169,2623,3032,2907,1834,4418,2510
MSTRG.539,8,1,7,7,7,4,5,0,12,0,9,6
MSTRG.540|COX7B,2822,2978,3016,2673,2558,1163,3073,3223,3981,1721,3027,2092
MSTRG.541|ATP7A,694,1022,956,599,414,515,361,970,408,771,520,1135
MSTRG.541,1038,914,155,16,302,12,650,42,664,50,446,228
MSTRG.542|PGAM4,4007,4600,3976,1856,1770,2215,2258,2877,3852,2132,2990,4576
MSTRG.543,24,13,18,5,17,5,6,18,4,2,11,9
MSTRG.546,0,227,54,119,116,109,206,113,119,76,61,148
MSTRG.546|CYSLTR1,426,284,426,183,334,157,341,308,303,286,209,151
NM_152694|ZCCHC5,4,5,3,2,0,2,4,3,9,6,2,0
NM_001278000|LPAR4,0,0,0,0,0,0,0,0,0,0,0,0
NM_005296|LPAR4,3,6,2,2,0,0,6,4,3,0,4,0
MSTRG.547,1120,968,1227,887,777,553,827,1217,1653,768,1367,1023
MSTRG.547|P2RY10,1602,1803,1669,1458,1615,783,1714,1081,657,1008,1708,1188
MSTRG.548,898,1031,937,285,563,181,1189,592,617,816,1072,577
MSTRG.548|GPR174,12,18,123,158,144,28,143,20,102,32,92,12
MSTRG.549,0,4,0,0,4,0,7,2,2,0,6,0
MSTRG.550,0,0,0,0,0,0,1,0,1,2,0,0
MSTRG.551,3,9,4,0,7,0,5,3,11,6,7,2
MSTRG.552|ITM2A,1730,1410,1751,2166,888,538,1065,1492,1574,721,3013,1138
MSTRG.552,26,39,39,3,44,3,5,10,72,23,9,4
MSTRG.544,9,8,5,200,3,4,4931,201,3,0,646,312
MSTRG.545,0,0,20,0,0,0,27,24,0,0,0,0
MSTRG.544|PGK1,53484,68661,47955,29490,21434,20668,25047,44840,34275,37452,35754,55355
MSTRG.545|TAF9B,576,916,677,539,872,226,912,723,1278,517,711,499
NM_001109878|TBX22,0,0,0,0,0,0,0,0,0,0,0,0
NM_001109879|TBX22,0,0,0,0,0,0,0,0,0,0,0,0
NM_016954|TBX22,0,0,0,0,0,0,0,0,0,0,0,0
NM_001303475|TBX22,0,0,0,0,0,0,0,0,0,0,0,0
MSTRG.553,91,93,55,22,30,17,23,1,41,34,46,62
MSTRG.554,37,20,19,4,0,8,4,0,3,1,3,33
MSTRG.555,694,166,366,4,680,6,645,819,748,0,519,194
MSTRG.555|BRWD3,572,1391,663,555,0,529,638,1,665,830,434,817
MSTRG.556,18,33,23,10,6,10,25,16,23,10,9,10
MSTRG.557,7,3,9,5,5,2,3,8,5,0,3,2
MSTRG.558,169,250,258,157,53,80,124,30,430,39,88,128
MSTRG.559,451,718,591,296,723,329,936,715,527,739,711,552
MSTRG.560,364,1365,723,56,350,334,823,130,806,586,123,347
MSTRG.559|HMGN5,117,2,109,40,113,30,157,109,67,71,52,80
MSTRG.560|SH3BGRL,4646,3577,3250,2976,3132,1506,3202,3904,3835,2552,4412,3126
MSTRG.561|RPS6KA6,126,166,181,23,43,8,81,41,55,61,7,26
MSTRG.562|HDX,120,48,109,93,72,23,139,95,120,45,94,77
MSTRG.562,6,96,3,6,14,0,4,4,45,0,0,0
MSTRG.563,713,1050,515,484,118,355,875,7,0,524,588,738
MSTRG.564|SATL1,0,0,0,0,0,0,0,0,0,0,0,0
MSTRG.563|APOOL,145,138,177,90,449,14,96,559,865,79,39,97
MSTRG.565|ZNF711,2,0,163,0,0,0,0,4,0,0,0,0
MSTRG.565,187,110,19,78,127,59,75,79,163,75,144,105
MSTRG.566|POF1B,26,31,39,7,57,14,0,36,31,4,128,43
MSTRG.568|MIR361,0,0,0,0,0,0,0,0,0,0,0,0
MSTRG.567|CHM,565,645,562,352,455,300,72,496,733,468,541,763
MSTRG.567,127,103,137,3,2,1,588,76,6,5,2,91
MSTRG.569,4,1,1,0,1,1,2,0,0,0,4,0
MSTRG.570|DACH2,0,0,0,0,0,0,0,0,0,0,0,0
MSTRG.571,13,17,54,14,21,10,23,8,17,13,15,30
MSTRG.572,3711,4928,7216,2710,2612,2221,3256,4332,5045,4113,4062,5703
MSTRG.573,2,6,0,0,7,0,0,0,16,0,0,0
MSTRG.574,3,4,0,0,2,0,0,1,14,0,1,0
MSTRG.575,0,0,0,0,0,0,0,0,7,0,0,0
MSTRG.576,17,26,21,15,18,13,32,18,20,16,20,14
MSTRG.577,11,9,6,3,7,5,5,5,4,4,7,4
MSTRG.578|PCDH11X,0,0,0,0,0,0,0,0,0,0,0,0
MSTRG.579,1,2,5,2,3,2,7,4,5,1,2,5
MSTRG.580,43,90,67,83,76,74,123,66,115,68,45,62
MSTRG.581,3458,2660,6124,3328,1691,1684,4256,1870,2885,2866,2990,2467
MSTRG.582,9,24,3,2,26,1,4,7,31,6,11,7
MSTRG.583,43,29,41,12,21,14,17,19,31,19,28,29
MSTRG.584,331,353,447,246,241,126,388,365,354,216,286,285
MSTRG.585|NAP1L3,4,3,7,1,6,2,7,5,6,2,11,6
MSTRG.586,1,0,1,0,2,0,1,0,0,0,0,3
MSTRG.587,52,49,33,16,32,15,38,31,65,33,39,47
MSTRG.587|DIAPH2,606,818,442,323,438,234,670,522,685,515,533,563
MSTRG.588|RPA4,4,3,7,1,5,2,8,3,3,4,3,1
MSTRG.589|DIAPH2-AS1,6,0,0,0,0,0,0,0,0,0,4,0
MSTRG.590,1,1,0,0,0,0,0,0,0,0,0,0
MSTRG.591,28,26,35,13,12,10,6,12,13,12,13,14
MSTRG.592,13,28,71,10,23,17,13,17,41,40,30,55
MSTRG.593,0,0,0,0,0,0,0,0,0,0,0,6
MSTRG.593|TSPAN6,38,20,3,0,9,8,23,11,9,0,5,1
NR_024608|XRCC6P5,8,0,0,0,5,0,2,0,5,0,0,0
MSTRG.594|SYTL4,4,0,3,0,0,18,0,0,0,0,0,0
MSTRG.594,0,0,0,0,0,18,0,0,0,0,0,0
MSTRG.595,3,173,11,10,9,36,0,10,0,7,66,53
MSTRG.597|NOX1,4,4,0,5,6,3,10,4,9,0,5,4
MSTRG.596|CSTF2,1073,1102,984,856,836,407,1094,867,1420,627,839,823
MSTRG.598|XKRX,16,18,39,3,3,4,6,6,0,2,6,2
MSTRG.599|ARL13A,0,4,0,0,0,0,0,2,0,1,6,0
MSTRG.600,868,577,819,645,680,371,962,588,615,563,720,583
MSTRG.601,0,1,0,0,0,0,0,0,0,0,0,0
MSTRG.600|TRMT2B,9,121,93,31,14,16,16,24,8,20,64,1
NM_021637|TMEM35,0,0,0,0,0,0,0,0,0,0,0,0
MSTRG.602,910,1032,653,447,805,287,1102,540,1035,568,725,714
MSTRG.602|CENPI,0,23,200,123,33,77,114,258,0,10,0,21
MSTRG.603,3,5,4,2,0,0,8,0,2,0,0,0
MSTRG.604|DRP2,24,29,15,9,12,12,24,9,18,3,18,19
NM_001168474|TAF7L,0,0,0,0,0,0,0,0,0,0,0,0
NM_024885|TAF7L,2,0,0,0,0,0,0,4,3,0,0,2
MSTRG.608,29,105,22,32,42,22,11,88,87,63,7,93
MSTRG.608|ARMCX4,188,91,21,68,64,4,111,17,119,11,37,9
MSTRG.609,3,1,4,0,2,0,7,0,2,2,4,3
MSTRG.610|ARMCX1,0,83,0,50,80,0,65,45,159,0,52,73
MSTRG.610,90,0,8,0,0,6,0,0,26,26,0,46
MSTRG.611,294,278,371,221,205,125,285,236,264,195,217,198
MSTRG.612|ARMCX6,677,541,837,440,448,305,698,502,571,409,575,445
MSTRG.612,116,140,117,56,34,27,70,58,74,48,85,82
MSTRG.605|BTK,4649,3239,5091,2379,2599,2038,3645,3541,3809,2782,3582,2866
MSTRG.606|RPL36A-HNRNPH2,0,0,0,295,0,0,0,0,0,0,812,0
MSTRG.606,405,1013,478,285,261,103,533,569,339,787,3059,1065
MSTRG.605,966,1295,1350,911,1057,471,1516,1084,1581,755,738,596
MSTRG.605|TIMM8A,36,43,45,29,84,24,34,34,65,40,74,132
MSTRG.606|RPL36A,3143,2897,5323,3072,2588,1967,3974,3885,4896,2064,817,3434
MSTRG.607,99,143,124,179,133,63,138,91,133,80,282,125
MSTRG.607|GLA,529,428,677,287,320,288,343,439,504,283,453,307
MSTRG.606|HNRNPH2,2419,2537,2205,1508,2415,830,2817,2254,3184,1871,1497,1634
MSTRG.613,646,502,458,782,320,163,579,355,824,284,1178,688
MSTRG.613|ARMCX3,1049,996,1038,406,868,347,690,1222,720,715,858,832
MSTRG.614,309,261,180,356,354,165,116,437,842,80,191,359
MSTRG.614|ARMCX2,237,426,312,161,157,95,397,86,267,128,4,299
MSTRG.615,118,175,93,102,118,49,142,181,153,88,104,136
NM_032946|NXF5,0,0,0,0,0,0,0,0,0,0,0,0
NR_028089|NXF5,0,0,0,0,0,0,0,0,0,0,0,0
MSTRG.616|ZMAT1,44,154,82,17,9,35,136,39,4,39,113,42
MSTRG.616,0,0,0,0,64,0,0,0,34,0,0,0
MSTRG.617|TCEAL2,6,13,35,9,0,0,8,8,48,6,0,15
NM_001006938|TCEAL6,3,4,2,1,4,1,7,6,4,0,3,3
MSTRG.618|BEX5,23,33,55,10,23,6,7,6,28,4,112,39
MSTRG.619|TMSB15A,0,0,3,0,0,0,0,0,5,5,0,0
MSTRG.620,10,7,10,3,4,6,11,6,8,5,7,6
MSTRG.621|ARMCX5-GPRASP2,0,29,0,0,15,4,29,0,38,17,26,0
MSTRG.621,136,150,200,46,114,32,226,93,161,64,147,144
MSTRG.622|GPRASP1,73,104,32,12,19,8,31,22,65,19,59,76
MSTRG.621|GPRASP2,52,0,32,12,0,0,0,26,0,0,0,36
MSTRG.621|ARMCX5,323,327,199,227,220,39,240,274,445,262,296,224
MSTRG.623|BHLHB9,86,99,63,23,30,22,29,50,50,5,74,64
MSTRG.623,0,0,0,0,0,0,0,0,0,31,0,0
MSTRG.624|LINC00630,0,0,11,14,15,0,0,0,3,0,0,0
MSTRG.624,193,336,140,94,198,71,439,176,280,224,165,203
MSTRG.625,2,4,0,3,0,0,6,0,0,2,2,4
MSTRG.626|RAB40AL,1,4,4,2,2,2,5,4,3,1,3,1
MSTRG.627,11,9,5,2,6,2,2,2,10,5,3,5
NM_018476|BEX1,0,0,6,2,0,0,0,0,0,0,0,11
MSTRG.628|BEX4,57,552,48,166,220,52,240,400,287,260,93,106
MSTRG.628,0,37,0,0,0,0,0,1,11,0,31,0
MSTRG.629,24,35,60,36,0,0,46,32,56,30,80,0
MSTRG.629|TCEAL8,892,1388,919,754,852,367,919,1055,1233,652,1170,892
NM_001012979|TCEAL5,0,0,0,0,0,0,0,0,1,0,2,1
MSTRG.630|BEX2,40,42,49,29,18,9,13,39,32,13,54,70
NM_152278|TCEAL7,4,0,0,0,0,0,0,0,0,0,0,0
MSTRG.631|WBP5,139,276,146,78,147,50,132,215,247,54,267,322
MSTRG.632|NGFRAP1,85,105,181,65,62,25,43,76,311,36,93,276
MSTRG.633,4,11,6,9,4,4,10,0,14,7,5,10
MSTRG.635,9,5,6,5,0,0,4,6,10,0,4,0
MSTRG.634,1,17,13,8,7,4,16,6,21,7,6,11
MSTRG.634|RAB40A,11,0,0,0,0,0,0,0,0,0,0,0
MSTRG.636,5,15,7,0,4,2,8,5,7,0,0,0
MSTRG.636|LOC105373300,4,0,5,0,0,0,0,2,3,0,0,0
MSTRG.637|TCEAL4,920,1056,939,654,820,359,982,734,1214,562,746,695
MSTRG.637,82,116,109,24,66,17,61,14,126,60,28,42
MSTRG.638|TCEAL3,401,343,293,341,424,144,509,460,597,223,428,482
MSTRG.638,16,173,153,95,34,0,92,30,86,40,54,48
MSTRG.639,83,45,81,81,50,31,72,70,94,36,67,54
MSTRG.639|TCEAL1,252,290,246,143,216,73,251,193,311,161,232,217
MSTRG.640,0,0,2871,0,0,0,0,0,0,0,0,0
MSTRG.641,0,3,0,0,0,0,0,0,0,0,0,0
MSTRG.642|GLRA4,0,0,0,0,0,0,0,0,0,0,0,0
MSTRG.641|TMEM31,0,0,0,0,0,0,0,0,0,0,0,0
MSTRG.640|MORF4L2,3128,4764,1660,3281,3603,1495,4133,3922,5602,2750,4030,3643
MSTRG.641|MORF4L2-AS1,15,27,37,17,12,8,39,20,18,7,24,20
NM_000533|PLP1,0,0,0,0,0,0,0,0,0,0,0,0
NM_199478|PLP1,0,0,0,0,0,0,0,0,0,0,0,0
NM_001305004|PLP1,0,0,0,0,0,0,0,0,0,0,0,0
NM_001128834|PLP1,2,0,0,0,0,0,0,0,0,0,0,0
MSTRG.643,46,45,32,23,40,17,77,17,61,43,46,47
MSTRG.644,570,614,538,256,494,123,954,425,695,419,379,412
MSTRG.643|RAB9B,17,52,32,15,42,0,68,35,0,8,32,16
MSTRG.644|TMSB15B,27,10,3,9,5,7,10,10,20,4,3,3
MSTRG.644|LOC100101478,4,2,1,4,1,0,2,2,3,3,1,2
NM_001164416|H2BFM,0,0,2,0,0,0,2,1,0,0,0,0
MSTRG.645,333,351,301,153,231,63,529,195,298,214,197,168
MSTRG.645|TMSB15B,0,11,5,0,0,0,0,0,12,15,8,16
MSTRG.645|H2BFXP,2,1,1,4,8,0,5,2,11,2,2,1
MSTRG.646|SLC25A53,0,15,0,80,0,19,0,22,0,0,108,9
MSTRG.646,335,265,347,51,252,96,518,220,441,227,99,188
MSTRG.650,3,77,202,61,0,36,62,85,198,146,103,151
MSTRG.647|ZCCHC18,25,25,36,12,21,9,53,22,28,32,21,18
MSTRG.648,35,53,43,48,57,21,66,38,46,29,34,30
MSTRG.649|LOC286437,50,59,66,15,24,21,99,32,52,31,44,25
MSTRG.650|FAM199X,1241,1606,937,607,970,478,1090,1010,1203,628,1172,933
MSTRG.657|MIR548AN,0,2,0,1,2,0,1,1,1,0,1,1
MSTRG.656|CXorf57,404,514,418,336,355,181,463,370,475,274,405,533
MSTRG.651|IL1RAPL2,0,0,0,0,0,0,0,0,1,1,1,3
MSTRG.653|TEX13A,0,0,0,0,0,2,0,0,0,0,0,0
MSTRG.655,0,0,3,0,1,1,8,0,0,0,1,4
MSTRG.652,10,10,5,10,9,4,3,3,5,26,13,17
MSTRG.654,30,46,32,14,31,9,29,16,32,23,32,22
MSTRG.658,5,0,0,2,0,2,0,26,0,0,0,0
MSTRG.658|TBC1D8B,185,162,84,41,176,70,104,161,277,124,205,374
NM_001171706|RIPPLY1,0,0,0,0,0,0,0,0,0,0,0,0
NM_138382|RIPPLY1,0,0,0,0,0,0,0,0,0,0,0,0
NM_001171095|CLDN2,0,0,0,0,0,0,0,0,0,0,0,0
NM_020384|CLDN2,0,0,0,0,0,0,0,0,0,0,0,0
NM_001171092|CLDN2,2,0,2,0,0,0,0,0,0,0,2,0
MSTRG.659|MORC4,49,43,23,6,10,6,13,12,27,5,35,40
MSTRG.659,1,0,0,0,0,0,0,0,0,0,0,0
MSTRG.660,551,827,383,286,426,79,609,460,609,277,298,310
MSTRG.660|RBM41,88,216,58,23,149,135,201,50,175,102,256,185
MSTRG.660|NUP62CL,0,41,0,19,4,0,13,7,0,1,1,29
MSTRG.661,216,277,255,241,311,86,283,278,330,167,247,184
NR_046750|FRMPD3-AS1,0,0,0,0,0,0,0,0,0,0,0,0
NM_032428|FRMPD3,0,0,2,0,7,0,0,0,0,0,0,0
MSTRG.663,0,0,0,3,0,1,7,0,0,0,0,0
MSTRG.662|PRPS1,1888,2455,2360,1337,1531,795,2056,1761,2645,1566,1701,1930
MSTRG.664|TSC22D3,994,1983,2070,1036,1178,476,1401,1557,1643,1792,2949,2002
MSTRG.665|MID2,5,10,5,4,5,3,5,10,5,6,2,11
MSTRG.666|LOC101928335,0,0,0,0,0,0,0,0,0,0,0,0
NM_031273|TEX13B,0,0,0,0,0,0,0,0,0,0,0,0
MSTRG.668,34,34,125,78,90,5,5,30,292,99,13,253
MSTRG.667|PSMD10,1301,1662,1633,871,1177,577,1195,1289,1732,940,1371,1345
MSTRG.668|ATG4A,476,447,332,320,325,180,410,370,386,201,543,118
NM_001287759|COL4A6,0,0,0,0,0,0,0,0,0,0,0,0
NM_001287760|COL4A6,0,0,0,0,0,0,0,0,0,0,0,0
NM_033641|COL4A6,0,0,0,0,0,0,0,0,0,0,0,0
NM_001847|COL4A6,0,0,0,0,0,0,0,0,0,0,0,0
NM_001287758|COL4A6,2,0,0,2,0,0,0,0,0,0,4,0
MSTRG.669|COL4A5,57,0,4,0,0,0,0,0,3,0,15,23
NM_003604|IRS4,1,0,0,0,0,0,2,0,0,0,0,0
NM_001522|GUCY2F,1,0,0,0,0,0,0,0,0,0,0,0
MSTRG.671|NXT2,675,796,577,381,571,243,667,637,817,422,640,624
MSTRG.671,0,0,0,0,1,1,4,0,0,1,24,1
MSTRG.672,37,34,34,19,30,12,39,27,46,23,29,28
MSTRG.673,0,0,0,0,0,0,0,4,3,0,12,0
MSTRG.674,2202,2010,1673,1323,2667,1151,3086,2322,4339,2732,2879,2677
MSTRG.673|KCNE5,7,6,12,12,18,11,9,13,15,4,4,5
MSTRG.674|ACSL4,1452,1787,1356,940,1027,467,905,1663,1600,674,1649,722
MSTRG.675,3,3,5,2,4,0,1,3,3,2,3,0
MSTRG.676,56,90,153,528,85,12,729,347,480,585,6,145
MSTRG.677|MIR652,0,0,0,0,0,0,0,0,0,0,0,0
MSTRG.678|MIR3978,0,0,0,0,0,0,0,0,0,1,0,0
MSTRG.676|TMEM164,968,508,797,146,402,340,94,136,509,1,435,460
MSTRG.679|AMMECR1,751,636,516,456,546,297,719,648,766,457,553,434
MSTRG.679,4,7,8,5,6,2,51,7,12,4,2,3
MSTRG.680|SNORD96B,0,0,0,0,0,0,0,0,0,0,0,0
MSTRG.681,90,94,87,82,82,51,98,84,113,57,101,63
MSTRG.682|RGAG1,28,4,7,2,3,4,2,3,2,3,0,7
MSTRG.683|CHRDL1,15,0,9,0,3,0,18,6,0,10,0,0
MSTRG.683,0,0,0,0,4,0,0,0,0,0,0,0
NM_000555|DCX,0,0,0,0,0,0,2,0,0,0,0,0
NM_178151|DCX,0,0,0,0,0,0,0,0,0,0,0,0
NM_001195553|DCX,0,0,0,0,0,0,0,0,0,0,0,0
NM_178152|DCX,0,0,0,0,0,0,0,0,0,0,0,0
NM_178153|DCX,0,0,0,0,0,0,0,0,0,0,0,0
NR_033974|LINC00890,0,0,0,0,0,0,0,0,1,9,0,0
MSTRG.684,154,169,248,57,81,90,96,146,134,44,170,168
MSTRG.685,56,56,92,93,46,43,109,107,82,40,43,55
MSTRG.686,4273,3009,3918,2051,1511,1584,2719,2548,2683,1873,2828,3291
MSTRG.687|ALG13,259,483,279,195,52,91,149,284,365,210,97,336
MSTRG.687,495,605,891,438,558,325,1298,383,562,438,605,404
NM_012471|TRPC5,0,0,0,0,0,2,3,0,2,0,0,0
NM_001195576|TRPC5OS,0,0,0,0,0,0,0,0,0,0,0,3
NM_001195578|TRPC5OS,0,0,0,0,0,0,0,0,0,0,0,0
NM_001195577|TRPC5OS,0,0,0,0,0,0,0,0,0,0,0,0
MSTRG.688,44,81,27,10,46,11,70,53,105,26,34,31
MSTRG.688|LHFPL1,54,0,11,2,11,0,14,8,0,0,6,13
MSTRG.689|MIR4329,0,0,0,0,0,0,0,0,0,0,0,0
MSTRG.689,513,345,499,5,49,263,288,379,87,49,296,308
MSTRG.689|AMOT,187,192,120,0,0,0,0,160,0,0,50,169
MSTRG.690|HTR2C,0,0,0,0,0,0,0,0,0,0,0,0
MSTRG.691|SNORA35,0,0,0,0,0,0,0,0,0,0,0,0
MSTRG.692|MIR764,0,0,0,0,0,0,0,0,0,0,0,0
MSTRG.693|MIR1912,0,0,0,0,0,0,0,0,0,0,0,0
MSTRG.694|MIR1264,0,0,0,0,0,0,0,0,0,0,0,0
MSTRG.695|MIR1298,0,0,0,0,0,0,0,0,0,0,0,0
MSTRG.696|MIR1911,0,0,0,0,0,0,0,0,0,0,0,0
MSTRG.698|MIR448,0,0,0,0,0,0,0,0,0,0,0,0
MSTRG.697,848,851,756,338,637,295,671,656,1269,471,608,709
MSTRG.699|LRCH2,0,0,0,0,0,0,0,0,0,5,0,3
MSTRG.700|RBMXL3,0,0,0,0,0,0,0,0,0,0,0,0
MSTRG.701|PLS3-AS1,0,0,0,0,0,0,0,0,0,0,0,0
MSTRG.702|PLS3,425,180,741,151,339,899,904,142,811,287,537,249
MSTRG.702,0,0,38,0,0,0,0,0,0,0,64,0
MSTRG.703,13,6,17,5,1,8,10,5,14,4,5,10
MSTRG.704,1092,1549,1735,1018,1151,650,1547,1030,1589,1037,1430,1156
MSTRG.705,1,4,9,1,0,4,5,0,0,1,1,14
MSTRG.706,9,2,18,5,0,20,16,0,1,3,4,24
MSTRG.707,1,0,0,1,1,0,3,0,0,0,1,3
MSTRG.708|DANT2,9,2,10,0,1,4,3,0,3,0,9,3
MSTRG.709,1,0,0,0,1,3,2,0,0,0,2,2
MSTRG.710,15,7,32,5,2,11,27,1,5,5,16,37
MSTRG.708,6,4,12,1,0,0,5,0,6,0,11,11
MSTRG.711,14,13,23,0,0,12,5,0,3,0,12,4
MSTRG.712,19,14,32,2,4,17,6,4,0,3,10,6
MSTRG.713,33,57,29,26,44,23,60,63,66,31,23,19
MSTRG.714,60,34,42,8,30,13,43,23,38,30,24,22
MSTRG.715|AGTR2,6,6,10,0,3,0,0,0,0,3,49,0
MSTRG.717|KLHL13,63,4,22,0,4,77,0,3,0,0,3,22
MSTRG.718|WDR44,619,610,306,337,513,258,566,458,570,352,621,460
MSTRG.719|MIR1277,0,0,0,0,0,0,0,0,0,0,1,0
MSTRG.718,26,0,182,0,0,9,0,0,11,9,0,16
MSTRG.723,0,0,0,0,0,3,0,0,0,0,0,0
MSTRG.720,3,0,0,1,0,1,1,1,0,0,1,0
MSTRG.721,5,8,0,3,5,0,9,5,5,0,6,2
MSTRG.722|DOCK11,393,1777,791,415,468,570,1972,866,969,1007,956,1362
MSTRG.722,1425,249,450,349,765,221,43,479,410,222,446,66
MSTRG.724|IL13RA1,54,102,76,39,37,116,20,23,28,39,26,72
NM_001312891|ZCCHC12,0,0,0,0,0,0,0,0,0,0,0,0
NM_173798|ZCCHC12,0,0,0,0,0,0,0,0,0,0,0,0
MSTRG.725|LONRF3,13,25,0,0,0,0,0,4,5,0,47,5
NM_020721|KIAA1210,0,0,0,4,0,0,0,0,0,0,0,0
MSTRG.726|PGRMC1,808,1009,964,708,961,392,974,1038,1139,713,920,911
NR_110396|LOC101928336,2,0,0,0,0,0,0,0,0,0,0,0
MSTRG.727,15,190,20,58,52,85,146,254,277,8,394,73
MSTRG.727|SLC25A43,444,398,390,317,423,108,636,233,323,422,202,413
MSTRG.731|CXorf56,675,692,801,610,639,263,679,546,762,564,554,542
MSTRG.731,4,4,4,4,1,1,2,2,2,2,1,0
MSTRG.728|SLC25A5-AS1,25,29,28,26,39,9,55,38,75,19,26,23
MSTRG.729|SLC25A5,12651,13896,18531,9418,9096,5536,10970,9978,13260,7712,10569,11453
MSTRG.730,2,0,0,0,0,0,0,0,0,0,0,0
MSTRG.732|UBE2A,434,918,1205,258,0,534,1218,1108,1514,651,1113,909
MSTRG.732,1084,865,435,1028,1738,227,471,537,595,431,650,486
MSTRG.736|MIR766,0,0,2,1,1,0,1,0,0,0,0,0
MSTRG.733,204,60,322,128,283,137,359,305,7,293,3,120
MSTRG.733|NKRF,819,1006,800,578,608,345,785,594,1101,445,1005,605
MSTRG.734,20,24,19,33,34,12,55,20,63,16,20,34
MSTRG.735,1902,4204,5633,4449,1345,2395,9871,3640,4107,3054,2073,3704
MSTRG.735|SEPT6,9634,7952,17499,4790,6429,4686,5690,4148,5252,8110,6875,6816
MSTRG.738,0,0,0,0,2,0,0,0,5,0,0,2
MSTRG.739,1550,736,530,642,332,56,276,314,6,318,1194,344
MSTRG.740|SNORA69,0,5,3,3,0,1,3,2,2,2,2,2
MSTRG.741,11,11,28,24,20,11,40,20,29,12,18,15
MSTRG.737|SOWAHD,53,51,107,77,17,35,24,49,26,36,56,89
MSTRG.739|RPL39,3931,4932,7331,4595,4387,3542,3484,5329,6708,4091,3785,5374
MSTRG.742,7,13,12,6,8,0,16,15,19,7,4,11
MSTRG.743|UPF3B,768,914,683,614,835,347,1185,893,1079,680,761,749
MSTRG.744|RNF113A,807,680,945,664,493,354,723,554,683,431,775,611
MSTRG.745|NDUFA1,2385,2078,2690,1721,1709,986,1414,2046,2353,1153,2311,1846
MSTRG.745,2,128,9,3,3,1,3,8,15,3,1,108
MSTRG.746|AKAP14,6,0,0,4,0,0,0,0,0,0,0,11
MSTRG.747,3,1,1,1,1,0,2,0,1,0,0,0
MSTRG.748,5,10,7,4,11,2,9,3,11,8,8,7
MSTRG.749,49,70,62,41,67,30,81,51,77,41,47,42
MSTRG.750,14,27,16,14,7,13,26,12,25,9,12,18
MSTRG.751,22,36,42,34,39,1,82,46,15,27,24,1
MSTRG.751|NKAP,417,580,394,495,532,190,512,560,654,314,578,557
MSTRG.752,4,0,1,0,0,0,0,0,0,1,0,1
MSTRG.753|RHOXF1-AS1,0,7,0,0,0,0,3,0,0,4,0,0
MSTRG.754|RHOXF2,0,0,0,0,0,0,0,0,0,0,0,0
MSTRG.755|RHOXF1,0,0,0,3,0,0,3,0,0,0,0,0
MSTRG.756,8,9,8,3,7,5,14,4,9,2,2,8
MSTRG.756|LINC01402,1,0,0,0,0,0,0,0,0,0,0,0
NM_001099685|RHOXF2B,0,0,0,0,0,0,0,0,0,0,0,0
NM_032498|RHOXF2,0,0,0,1,0,2,0,0,2,0,0,0
MSTRG.757|NKAPP1,44,35,50,31,45,20,73,38,66,36,43,33
MSTRG.758|ZBTB33,1600,1653,1119,876,1237,625,1731,1372,1728,1231,1228,1095
MSTRG.759|TMEM255A,114,25,6,27,8,7,22,84,137,73,4,81
MSTRG.759,1,1,63,0,116,0,66,0,0,0,0,0
NM_001142447|ATP1B4,0,0,0,0,0,0,2,0,0,0,0,0
NM_012069|ATP1B4,0,0,0,0,0,0,0,0,0,0,0,0
MSTRG.760|LAMP2,2512,2852,2123,1649,2058,928,2191,2178,3036,1792,2479,2310
MSTRG.760,0,0,0,0,0,0,0,0,0,0,418,0
MSTRG.761,12,6,8,9,8,4,12,2,17,2,6,6
MSTRG.762,2328,2382,2104,1549,1889,886,2235,1880,2312,1554,1457,1764
MSTRG.762|CUL4B,258,374,331,58,126,260,400,174,158,300,785,125
MSTRG.763,3,0,0,0,0,0,0,0,0,0,0,0
MSTRG.765,531,0,540,309,0,0,558,0,0,0,199,1
MSTRG.764,4,4,6,0,4,3,3,4,3,3,4,3
MSTRG.765|MCTS1,957,1832,1268,1044,1438,639,1061,1641,2185,1062,1631,1403
MSTRG.766,1,1,1,2,2,1,4,2,4,0,4,2
MSTRG.767|C1GALT1C1,446,431,488,396,423,179,344,505,559,286,566,321
MSTRG.768,4,6,11,6,8,2,8,5,12,2,6,4
MSTRG.769,209,241,231,137,174,105,223,240,287,144,207,210
MSTRG.770|GLUD2,242,183,179,69,101,72,140,103,166,100,158,177
MSTRG.771,2,2,10,1,2,1,2,4,11,3,3,2
MSTRG.772,19,23,40,11,15,12,21,23,30,13,16,29
MSTRG.773,564,648,521,338,579,191,470,414,876,349,456,522
MSTRG.774,29,9,5,2,7,4,0,0,0,0,28,3
MSTRG.775,0,0,0,0,0,0,0,0,0,0,3,0
MSTRG.774|GRIA3,40,12,4,2,3,17,0,0,0,2,9,3
MSTRG.776,7,8,16,9,10,13,22,13,6,9,2,14
MSTRG.777,1157,1728,1778,671,1067,946,3305,984,2610,866,1102,1920
MSTRG.777|THOC2,2013,2275,410,727,1351,229,410,1620,562,1175,1484,559
MSTRG.778,153,0,125,36,451,0,560,64,269,0,20,396
MSTRG.778|XIAP,1428,1409,1074,821,715,519,821,1078,936,925,1871,890
MSTRG.781,6,7,12,16,8,4,26,11,9,8,9,8
MSTRG.782,13,91,140,36,122,2,82,68,157,100,228,92
MSTRG.783|SH2D1A,0,6,135,6,56,0,24,39,13,8,12,17
MSTRG.784,0,3,0,0,0,0,0,0,0,0,0,0
NM_001163278|TENM1,0,0,2,0,0,0,0,0,0,0,0,0
NM_001163279|TENM1,0,0,0,0,0,0,0,0,0,0,0,0
NM_014253|TENM1,0,0,0,0,0,0,0,0,0,0,0,0
MSTRG.779,0,0,0,3,0,0,2,0,0,0,0,0
MSTRG.780,3394,3929,2389,2518,3296,1110,4229,3646,2486,3469,2318,3832
MSTRG.780|STAG2,1422,2560,1077,5,380,894,1296,501,2314,283,1683,288
MSTRG.779|LOC101928402,2,4,0,1,0,3,3,2,0,3,3,0
MSTRG.785,6067,6547,8102,10,21,2946,22,977,404,23,4289,1660
MSTRG.786,0,0,0,0,0,0,0,0,13,0,0,1
MSTRG.786|SMARCA1,20,0,0,39,48,0,17,19,44,20,2,11
MSTRG.787,18,398,4,0,0,2,12,0,111,0,3,9
MSTRG.787|OCRL,340,6,229,143,197,77,376,219,391,280,195,328
MSTRG.788,25,25,8,10,7,13,14,15,13,5,10,11
MSTRG.789|APLN,65,127,38,50,15,12,39,58,96,26,22,101
MSTRG.790,0,7,6,0,0,2,4,5,0,0,0,6
MSTRG.791|XPNPEP2,44,16,24,40,19,7,34,11,60,28,10,44
MSTRG.791,3,0,0,0,0,0,0,0,0,0,0,0
MSTRG.793|ZDHHC9,361,471,71,285,248,14,360,59,442,227,302,383
MSTRG.793,46,0,420,0,26,141,0,273,38,36,32,0
MSTRG.792,213,128,265,111,112,52,143,123,224,215,112,147
MSTRG.792|SASH3,8885,6747,9675,6153,5867,3404,8324,4876,11243,5059,7276,7028
MSTRG.794|UTP14A,1228,1065,1493,887,1092,486,1417,1030,1686,893,1065,852
MSTRG.794,10,87,9,5,3,3,21,8,19,14,8,15
MSTRG.795,2,0,0,0,0,0,0,0,0,0,0,0
MSTRG.796,329,222,395,215,142,238,265,153,244,197,149,185
MSTRG.796|BCORL1,0,0,0,0,0,0,13,0,0,0,0,0
MSTRG.797,8,8,4,0,0,0,3,5,5,0,7,3
MSTRG.798,2502,1476,2378,263,804,926,1490,1012,1883,1458,924,1042
MSTRG.798|ELF4,880,796,982,1067,918,675,1470,625,379,528,1389,913
MSTRG.799,190,427,300,132,86,95,159,278,247,53,214,63
MSTRG.799|AIFM1,2465,2188,2814,1561,1958,974,2133,1617,3113,1465,1692,1922
MSTRG.800|RAB33A,547,620,774,423,351,357,453,508,435,283,594,587
MSTRG.801,4,13,25,14,10,30,5,14,14,15,8,9
MSTRG.801|ZNF280C,158,221,163,164,205,55,321,157,298,174,154,171
MSTRG.802|SLC25A14,139,134,146,93,104,39,148,138,167,72,90,80
MSTRG.802,58,56,66,18,73,17,61,14,56,65,78,39
NM_178471|GPR119,1,0,0,0,0,0,0,0,0,0,0,0
MSTRG.803|RBMX2,806,942,703,568,674,380,774,845,938,589,658,687
MSTRG.804,3,3,5,0,2,0,3,0,4,0,0,0
MSTRG.805|FAM45BP,308,307,291,178,232,182,302,268,306,161,365,215
MSTRG.806|ENOX2,312,142,251,196,97,123,128,122,185,113,355,191
MSTRG.806,117,284,167,43,224,26,305,205,274,236,46,184
NM_001282607|ARHGAP36,0,0,0,0,0,0,0,0,0,0,0,0
NM_144967|ARHGAP36,2,0,0,0,0,0,0,0,0,0,0,0
MSTRG.807|IGSF1,8,2,8,0,0,0,0,1,0,3,0,3
MSTRG.808,1,0,0,11,6,0,0,8,24,0,1,6
MSTRG.809,154,196,156,143,205,29,349,110,449,124,19,142
MSTRG.809|FIRRE,0,5,0,0,4,0,70,0,6,27,0,6
MSTRG.810,0,0,0,0,0,0,0,0,3,0,1,2
MSTRG.811,501,364,1006,831,43,616,661,291,1657,328,1044,1327
MSTRG.811|STK26,2005,3068,1289,1112,2632,716,2327,2217,2404,1744,888,2069
MSTRG.812|RAP2C,408,687,225,625,1428,98,1014,233,941,250,62,610
MSTRG.812,1680,1463,1658,684,366,746,960,1596,1131,1300,2157,1173
MSTRG.813,8,48,4,2,4,4,9,25,4,5,4,4
MSTRG.814,1989,1613,1596,1045,1610,341,2656,1294,1876,1283,1665,1574
MSTRG.814|MBNL3,351,307,200,250,7,471,36,376,30,218,182,30
MSTRG.813|RAP2C-AS1,19,0,24,20,16,12,24,0,30,9,25,26
MSTRG.816,59,18,31,5,13,8,107,178,125,6,14,18
MSTRG.816|GPC4,931,314,1065,106,178,0,478,110,228,163,0,536
MSTRG.817|GPC3,0,0,0,0,0,0,0,1,0,0,1,0
MSTRG.818,5423,6278,6945,4603,4952,1875,5687,6230,6971,3726,5511,4932
MSTRG.820|MIR92A2,1,0,0,0,0,0,1,0,0,1,0,0
MSTRG.825,88,82,64,48,64,34,66,120,118,52,62,92
MSTRG.826,746,763,1122,200,362,428,710,450,567,582,679,541
MSTRG.826|PHF6,2038,2321,1119,819,1535,936,1624,1559,1590,1185,1320,1702
MSTRG.827,56,126,98,90,69,22,111,56,127,68,85,40
MSTRG.827|HPRT1,2071,3304,2590,1989,2319,904,2669,2905,3820,1892,2200,2677
MSTRG.830|MIR503HG,0,3,3,0,0,4,0,4,6,3,6,1
MSTRG.830|MIR503,0,0,0,0,0,0,1,0,1,0,2,0
MSTRG.830,4,0,4,0,2,0,0,0,0,0,7,12
MSTRG.830|MIR424,1,0,0,0,0,0,0,0,0,1,0,1
MSTRG.835|MOSPD1,211,225,224,114,172,80,200,221,201,149,259,171
MSTRG.836|SMIM10,10,5,19,8,4,13,6,9,1,24,22,24
MSTRG.837|FAM127C,4,10,1,12,9,3,5,6,19,3,3,32
MSTRG.838|FAM127A,535,356,415,392,519,182,465,325,629,275,377,401
NM_001316889|PLAC1,0,0,0,0,0,0,0,0,0,0,0,0
NM_021796|PLAC1,0,0,0,0,0,0,0,0,0,0,0,0
NM_001316887|PLAC1,0,0,0,0,0,0,0,0,0,0,0,0
MSTRG.832,1430,1416,1414,578,1108,313,1966,1133,1487,779,998,888
MSTRG.832|FAM122B,453,902,748,668,607,422,518,548,585,560,851,589
MSTRG.833|FAM122C,71,48,44,63,43,38,74,40,114,32,110,78
MSTRG.833,140,128,185,53,82,60,106,100,76,82,85,77
NM_001316888|PLAC1,3,0,2,0,1,0,0,0,0,0,3,3
MSTRG.834,8,8,7,4,4,3,10,4,7,4,17,4
MSTRG.839,26,11,6,0,0,6,0,0,10,0,0,0
MSTRG.839|FAM127B,184,228,212,195,180,83,262,194,216,141,186,199
NR_024493|SMIM10L2B,2,0,2,0,0,2,1,0,2,0,0,7
MSTRG.841|ZNF75D,273,218,247,107,241,113,315,0,142,41,3,213
MSTRG.841,125,150,63,60,11,0,107,272,167,193,352,46
MSTRG.842,4,6,12,6,3,0,12,1,12,8,6,6
MSTRG.843|ZNF449,0,74,0,0,43,0,49,64,85,0,25,0
MSTRG.843,95,39,59,49,13,26,65,0,16,47,61,60
NR_024359|SMIM10L2A,6,0,2,0,0,0,3,3,0,2,0,0
MSTRG.846|CT45A1,10,4,25,4,3,1,13,35,11,23,72,15
MSTRG.847|CT45A4,3,7,65,3,7,2,2,2,4,6,176,8
MSTRG.844|DDX26B-AS1,0,1,1,0,0,0,0,0,2,0,2,0
MSTRG.845,1159,1005,900,487,600,390,1065,690,846,438,995,672
MSTRG.845|DDX26B,230,148,184,103,177,114,65,91,107,106,257,148
MSTRG.848|CT45A5,4,7,70,2,6,1,2,3,3,5,190,20
MSTRG.848|CT45A6,0,0,0,0,0,0,0,0,0,0,0,0
MSTRG.848|CT45A7,0,0,0,0,0,0,0,0,0,0,0,0
MSTRG.849|CT45A5,3,7,68,2,7,1,3,2,4,7,186,13
MSTRG.849|CT45A6,0,0,0,0,0,0,0,0,0,0,0,0
MSTRG.849|CT45A7,0,0,0,0,0,0,0,0,0,0,0,0
MSTRG.850|CT45A2,1,0,6,0,8,0,0,2,11,3,28,6
MSTRG.851|CT45A5,4,7,71,2,8,1,3,3,10,8,196,15
MSTRG.851|CT45A6,0,0,0,0,0,0,0,0,0,0,0,0
MSTRG.851|CT45A7,0,0,0,0,0,0,0,0,0,0,0,0
MSTRG.852|CT45A9,1,0,4,0,6,0,0,2,7,2,19,4
MSTRG.853|CT45A9,1,0,4,0,6,0,0,2,7,2,21,4
MSTRG.854|CT45A10,3,2,12,0,5,0,0,2,8,4,54,7
MSTRG.855,0,0,0,0,0,0,1,3,0,0,0,0
MSTRG.856,22,56,39,78,45,18,46,43,73,22,155,82
MSTRG.856|MMGT1,819,935,760,722,785,362,901,851,1028,627,686,637
MSTRG.857,0,0,0,0,667,0,415,0,807,569,0,0
MSTRG.857|SLC9A6,776,841,715,386,8,321,489,657,138,86,727,586
MSTRG.858|FHL1,519,2051,50,46,88,3,289,243,459,247,10,32
MSTRG.859|MAP7D3,680,824,527,391,619,266,846,247,711,510,560,400
MSTRG.859,45,70,52,52,0,25,132,306,174,0,99,159
MSTRG.860,0,24,188,287,485,0,205,123,253,62,0,0
MSTRG.860|HTATSF1,1674,1878,1626,1308,1802,669,2417,1792,2283,1419,1593,1495
MSTRG.861,678,251,228,521,219,22,811,295,481,125,48,150
MSTRG.861|ARHGEF6,1196,1216,1679,546,1113,638,1390,1128,1265,1348,666,984
MSTRG.862,0,7,3,2,0,0,0,0,4,0,4,2
MSTRG.867,23,27,28,32,35,12,59,18,41,21,24,14
MSTRG.866,3,4,0,0,1,0,2,0,3,2,1,0
MSTRG.864,0,3,0,0,1,0,0,0,0,0,0,0
MSTRG.865|RBMX,3458,3397,4832,2935,2161,1739,4320,2731,3916,3124,3483,3045
MSTRG.863,14,10,12,17,9,5,14,9,13,11,20,7
MSTRG.865,4842,6227,5435,2514,4676,1868,5651,4681,5738,3128,3888,4119
MSTRG.865|SNORD61,1,1,1,0,0,0,1,1,1,0,1,0
MSTRG.868|SRD5A1P1,7,12,7,9,7,2,11,8,10,9,12,8
MSTRG.869|MCF2,23,26,5,8,12,7,18,9,16,5,19,10
MSTRG.870|ATP11C,0,0,0,50,0,1,0,0,1102,1,2,0
MSTRG.870,1495,1862,1093,552,1130,646,1827,1262,777,1228,1356,1292
MSTRG.871|MIR505,0,0,0,1,0,0,0,0,0,0,0,0
MSTRG.872,12,13,8,6,250,5,15,12,12,141,12,8
MSTRG.873,110,116,150,90,1640,46,140,75,148,666,46,100
MSTRG.874|LOC389895,2,2,0,1,2,0,0,0,0,0,0,2
NM_032461|SPANXB1,0,0,0,0,0,0,0,0,0,0,0,0
MSTRG.876|LDOC1,3,2,6,17,34,0,76,6,2,14,1,3
MSTRG.877,3,2,0,2,0,0,0,0,0,0,0,0
MSTRG.878,2,0,0,0,0,0,0,0,0,0,0,0
MSTRG.879|UBE2NL,24,8,13,14,17,15,5,3,7,10,32,17
MSTRG.880,110,60,89,83,90,38,124,77,104,67,96,94
MSTRG.881,7,3,0,3,0,0,0,2,4,0,3,9
MSTRG.882|FMR1-AS1,5,2,5,0,2,0,1,1,2,1,4,2
MSTRG.883|FMR1,776,992,688,410,639,262,969,442,710,427,965,662
MSTRG.883,751,962,802,422,704,371,869,830,823,586,518,529
MSTRG.884,1980,3167,1867,1715,1987,634,1657,2085,2202,1638,1529,2639
MSTRG.886|AFF2,2,5,6,15,9,0,35,5,20,44,4,2
MSTRG.887,3,0,0,0,0,0,2,0,3,0,1,2
MSTRG.888,18,21,6,22,15,0,34,12,19,11,13,36
MSTRG.889,4,3,0,5,0,0,10,0,16,0,2,4
MSTRG.890,0,0,2,0,2,0,6,5,3,0,3,6
MSTRG.891,757,5522,3421,458,590,695,692,541,4039,2351,3830,3387
MSTRG.891|IDS,5077,1413,1381,2270,3295,1320,3973,3374,1492,1492,1493,1920
MSTRG.893,49,79,56,16,33,13,76,22,137,29,26,39
MSTRG.894,227,184,237,47,194,102,220,65,512,102,128,191
MSTRG.892,50,42,23,21,15,14,35,29,54,16,23,28
MSTRG.893|LINC00893,8,8,9,2,2,4,14,4,0,9,0,17
MSTRG.894|CXorf40A,532,533,636,438,435,214,519,520,646,397,570,590
NM_016153|HSFX1,0,3,0,0,0,0,0,0,0,0,0,4
NM_001164415|HSFX2,6,4,10,6,2,5,8,0,10,8,5,0
MSTRG.895,2,29,75,0,62,1,39,5,20,3,3,3
MSTRG.895|TMEM185A,372,269,368,194,230,156,304,232,339,302,207,228
MSTRG.896,6,7,4,4,4,3,14,3,5,7,6,9
MSTRG.897,0,0,0,0,0,0,0,0,8,0,0,0
MSTRG.897|MAGEA11,2,4,0,0,0,2,4,0,1,8,0,2
MSTRG.898,0,0,0,0,0,0,0,0,0,2,0,0
MSTRG.899,97,157,133,63,83,35,101,74,100,85,89,105
NR_109813|LINC00850,0,0,0,0,0,0,0,0,0,0,0,0
NR_102703|MAGEA8-AS1,0,0,0,0,0,0,0,0,0,0,0,0
NM_001166401|MAGEA8,0,0,0,0,3,0,0,0,0,0,0,0
NM_005364|MAGEA8,0,0,0,0,0,0,0,0,0,0,0,0
NM_001166400|MAGEA8,2,0,0,2,0,0,0,0,3,0,0,0
MSTRG.900,412,372,355,311,320,137,416,242,661,258,243,347
MSTRG.900|CXorf40B,461,418,529,325,345,124,377,432,577,236,256,390
MSTRG.901,32,93,53,30,2,17,75,26,65,28,21,3
MSTRG.901|LINC00894,20,14,16,4,21,4,20,2,34,7,20,23
MSTRG.902,132,164,123,135,160,57,198,165,244,112,125,123
MSTRG.903,54,77,69,37,65,27,37,66,93,40,43,39
MSTRG.904,43,9,0,28,8,0,42,47,0,0,13,28
MSTRG.904|MTM1,217,154,252,76,163,132,172,193,143,160,132,96
MSTRG.905,539,1261,282,743,635,267,897,467,1379,1031,479,383
MSTRG.905|MTMR1,1091,341,1454,265,610,435,1008,855,448,4,999,947
MSTRG.906|CD99L2,1186,794,1077,885,680,474,830,761,875,526,692,815
MSTRG.906,681,5,80,307,77,39,14,10,121,92,423,61
MSTRG.907|HMGB3,1439,1379,1882,1141,1330,551,1550,1502,1253,1004,1370,1013
MSTRG.907,3,11,3,135,80,6,112,3,0,1,13,45
MSTRG.908,24,16,38,74,20,27,11,19,34,18,18,30
MSTRG.909,3,0,9,0,1,0,3,3,2,0,4,3
MSTRG.910|VMA21,1136,1837,1463,1194,1528,624,2076,1360,1947,1057,1159,1190
MSTRG.912|GABRQ,8,0,0,0,0,0,6,0,0,0,14,2
MSTRG.913|CSAG3,2,2,0,3,0,0,3,1,7,1,4,7
MSTRG.913,0,0,0,5,0,0,1,0,13,3,8,3
MSTRG.914|CSAG3,1,0,0,0,0,0,0,1,6,0,2,0
MSTRG.914,2,1,0,9,0,0,0,1,14,3,11,7
MSTRG.916,76,0,2,0,12,0,33,13,245,0,0,1
MSTRG.915,99,42,77,63,49,8,129,83,55,23,35,14
MSTRG.915|CETN2,355,472,412,350,408,190,452,431,617,363,470,423
MSTRG.916|NSDHL,1040,822,1143,742,704,433,829,812,814,628,720,687
MSTRG.917|ZNF185,69,47,76,23,31,0,35,59,45,34,49,49
MSTRG.917,153,0,0,0,0,50,5,0,0,0,1,4
NM_001103150|PNMA5,0,2,4,0,0,0,0,0,0,0,3,4
NM_001103151|PNMA5,0,0,0,0,0,0,0,0,0,0,0,0
NM_052926|PNMA5,0,0,0,0,0,0,0,0,0,0,0,0
NM_001184924|PNMA5,0,0,0,0,0,0,0,0,0,0,0,0
NM_001282535|PNMA3,0,0,0,0,0,0,0,0,0,0,0,0
NM_013364|PNMA3,0,6,4,3,7,3,12,11,4,6,4,3
NM_032882|PNMA6A,3,0,6,0,4,0,1,6,2,0,3,5
MSTRG.918|ZNF275,0,0,0,0,0,0,0,0,0,0,0,0
MSTRG.918,1256,1617,1683,719,895,571,1211,1073,947,709,1264,1302
MSTRG.920,221,154,224,66,89,44,136,116,72,127,142,104
MSTRG.920|ZFP92,0,1,1,0,0,0,0,0,0,1,0,0
NM_080701|TREX2,7,2,5,8,8,0,14,6,5,4,6,4
NM_001001344|ATP2B3,0,0,0,0,0,0,0,0,0,0,0,0
NM_021949|ATP2B3,0,0,0,0,0,0,0,0,1,0,0,0
MSTRG.921,243,298,279,198,199,78,330,213,186,141,159,206
MSTRG.921|HAUS7,291,150,373,289,286,139,347,235,656,215,218,238
MSTRG.922|BGN,0,0,0,0,0,2,0,0,0,0,0,0
MSTRG.923|FAM58A,288,272,299,280,343,142,385,303,478,166,262,217
MSTRG.923,14,14,45,1,42,0,37,24,14,0,22,8
MSTRG.924|LOC105373383,4,4,6,5,5,1,4,6,6,4,1,9
MSTRG.925|PNCK,0,0,1,0,0,0,0,4,3,5,0,8
MSTRG.925,28,49,0,0,0,0,4,7,0,0,0,3
MSTRG.926|SLC6A8,113,57,66,25,10,11,13,36,33,22,47,31
MSTRG.926,4,9,4,7,0,0,0,0,0,0,0,7
MSTRG.927|BCAP31,2928,2359,3659,2042,2238,1142,2686,1933,2919,1750,2189,1752
MSTRG.927,48,1,45,108,19,0,24,28,47,0,0,1
MSTRG.928,0,0,10,1,6,0,2,0,0,1,18,0
MSTRG.928|ABCD1,185,85,133,207,159,76,255,132,213,95,127,126
MSTRG.929|PLXNB3,13,0,0,0,0,0,6,8,12,0,2,6
MSTRG.930|SRPK3,10,7,8,3,4,0,10,2,12,0,8,10
MSTRG.933|SSR4,1153,703,1353,3867,2385,860,1753,2160,2094,1139,3327,1830
NM_001303515|PDZD4,0,0,0,0,0,0,0,0,0,0,0,0
NM_001303516|PDZD4,0,0,0,0,0,0,0,0,0,0,0,0
NM_001303512|PDZD4,0,0,0,0,0,0,0,0,0,0,0,0
NM_001303513|PDZD4,0,0,0,0,0,0,0,4,0,0,0,0
NM_001303514|PDZD4,0,0,0,0,0,0,0,0,0,0,0,0
NM_032512|PDZD4,0,0,0,0,0,0,0,0,0,0,0,0
MSTRG.931,7,5,0,0,2,0,7,1,2,2,0,2
MSTRG.932,1402,699,820,450,1210,641,1417,751,1217,571,678,849
MSTRG.932|IDH3G,535,947,1297,874,27,11,224,416,878,315,829,760
MSTRG.933,1625,1717,1822,284,555,113,753,910,1241,392,1441,1458
MSTRG.935|L1CAM,23,33,31,6,26,0,22,29,98,26,31,129
MSTRG.935,0,0,0,0,0,0,0,0,0,0,0,31
MSTRG.936|LCA10,0,0,0,0,0,0,0,0,1,2,0,0
MSTRG.937|AVPR2,4,2,7,2,0,0,7,3,1,2,1,1
MSTRG.938,910,234,355,70,80,116,441,106,324,66,225,175
MSTRG.940,6,3,222,5,131,7,394,5,79,5,268,152
MSTRG.940|NAA10,1183,1144,1362,1554,1054,533,1202,1022,1766,746,770,933
MSTRG.941,0,11,0,7,0,0,0,0,19,0,0,5
MSTRG.943,2291,1904,1957,1412,1133,1978,3127,1046,1671,1928,1079,965
MSTRG.944|HCFC1-AS1,0,0,0,0,0,0,0,0,0,0,0,0
MSTRG.946|MIR3202-1,0,0,0,0,0,0,0,0,0,0,0,0
MSTRG.947|MIR3202-2,0,0,0,0,0,0,0,0,0,0,0,0
MSTRG.934,21,26,41,8,7,8,27,3,16,6,19,19
MSTRG.938|ARHGAP4,904,1202,1481,1594,2163,613,3035,1707,3087,837,1971,2147
MSTRG.939,4,7,3,1,2,2,4,2,4,2,4,4
MSTRG.941|RENBP,151,176,86,122,100,60,123,114,297,50,52,118
MSTRG.942,2,2,0,0,0,3,5,2,3,0,0,0
MSTRG.943|HCFC1,2160,1528,2481,2538,3669,43,4485,1547,3382,897,2003,2435
MSTRG.944,11,11,14,8,3,4,15,9,5,3,5,3
MSTRG.945|TMEM187,67,39,48,105,79,27,57,54,67,38,25,46
MSTRG.945,25,13,16,1,1,0,7,8,18,9,62,18
MSTRG.948,648,1026,880,279,49,87,552,134,490,130,185,306
MSTRG.949|MIR718,0,0,0,0,0,0,0,0,0,0,0,0
MSTRG.948|IRAK1,2605,1064,3168,2186,2672,1289,2965,2578,2979,1700,3839,2299
MSTRG.948|MECP2,1354,1010,558,470,765,551,1153,826,869,816,981,828
NM_001048181|OPN1MW2,0,0,0,0,0,0,0,0,0,0,0,0
NM_000513|OPN1MW,0,0,0,0,0,0,0,0,0,0,0,0
NM_001586|TEX28,0,0,0,0,0,0,0,0,0,0,0,0
NM_001205201|TEX28,0,0,0,0,0,0,0,0,0,0,0,0
NM_001145933|TKTL1,0,0,0,0,0,0,0,0,0,0,0,0
NM_012253|TKTL1,0,0,0,0,0,0,0,0,0,0,0,0
NM_001145934|TKTL1,0,0,0,0,0,0,0,0,0,0,0,0
MSTRG.950,397,12572,0,0,0,4666,20211,7240,25382,8000,836,11455
MSTRG.950|FLNA,31117,5954,16088,13115,22022,2452,10595,5518,13134,6067,13602,6819
MSTRG.951,525,0,0,0,1,0,3,2,0,3,0,0
MSTRG.951|EMD,432,1060,1044,1375,1162,461,1554,1175,1602,606,978,1282
MSTRG.956|CH17-340M24.3,42,21,25,24,32,23,43,28,39,20,28,16
MSTRG.956,2,3,17,0,0,2,1,0,0,0,1,0
MSTRG.957,0,0,0,0,0,443,0,0,0,0,0,0
MSTRG.957|ATP6AP1,1785,1260,1810,1381,1156,205,1316,1021,1447,918,1420,1171
MSTRG.958|GDI1,2708,2309,2621,1962,1939,986,2565,1672,3266,1512,2221,1942
MSTRG.952,0,2,3,3,9,0,2,1,0,0,4,6
MSTRG.953,8099,5967,6513,7,13,16,7510,17700,8903,4540,9012,12864
MSTRG.953|RPL10,25959,20119,34533,26434,19801,12062,13973,10618,16602,16916,20167,12452
MSTRG.954,0,0,0,0,0,0,0,204,0,0,0,0
MSTRG.954|DNASE1L1,433,391,581,239,230,268,367,76,439,200,311,461
MSTRG.953|SNORA70,109,105,150,89,82,49,94,63,127,58,97,70
MSTRG.955|TAZ,496,444,567,487,519,210,671,464,613,309,509,564
MSTRG.955,186,280,248,59,86,78,118,53,294,83,100,112
MSTRG.959|FAM50A,1505,1422,1625,1287,1236,639,1331,994,2206,646,1226,1408
MSTRG.959,5,4,56,23,17,13,7,29,11,23,52,16
MSTRG.959|MIR6858,1,1,1,2,2,1,2,0,2,1,1,2
MSTRG.963,147,97,83,139,182,65,113,111,119,106,213,123
MSTRG.963|FAM3A,420,231,383,361,205,114,328,316,391,110,419,367
MSTRG.960|PLXNA3,0,0,0,180,0,44,0,0,0,0,170,0
MSTRG.960,322,250,296,130,407,125,429,399,505,234,201,204
MSTRG.962,90,32,119,65,172,59,98,37,106,80,100,118
MSTRG.962|SLC10A3,414,260,441,290,328,156,381,337,304,222,359,225
MSTRG.961|LAGE3,256,212,462,350,361,128,284,329,393,143,357,368
MSTRG.962|UBL4A,923,819,1185,651,600,474,857,868,984,620,776,716
MSTRG.965|IKBKG,248,140,21,356,13,140,30,37,197,91,191,90
MSTRG.965,286,303,543,11,394,71,606,350,402,191,243,365
MSTRG.964,342,236,345,264,285,123,912,302,388,226,272,199
MSTRG.964|G6PD,1287,991,1497,1208,1191,510,1274,807,1886,635,791,1045
MSTRG.966|FAM223B,4,2,4,2,2,2,4,4,1,2,2,2
MSTRG.967|FAM223B,4,2,4,2,2,2,4,4,1,2,2,2
MSTRG.968,333,230,375,328,328,123,347,270,408,170,270,274
MSTRG.969|GAB3,77,88,103,71,45,22,181,32,132,48,55,140
MSTRG.969,33,10,0,7,23,0,0,33,0,0,0,0
MSTRG.970,2,1,2,2,0,1,3,28,423,0,1,2
MSTRG.970|DKC1,3282,3963,4765,3342,3609,1539,4776,3663,4421,2749,3029,2887
MSTRG.970|SNORA36A,1,1,1,1,1,1,1,1,0,1,1,1
MSTRG.970|MIR664B,1,1,1,1,1,1,1,1,1,1,1,1
MSTRG.970|SNORA56,1,1,1,1,1,1,1,1,1,1,1,1
MSTRG.971|MPP1,462,590,806,545,585,214,1097,498,955,679,339,629
MSTRG.971,8,0,0,0,12,0,0,10,8,32,0,0
MSTRG.972,41,84,163,101,60,26,95,57,61,31,37,45
MSTRG.976|MIR1184-3,0,0,1,0,0,0,0,0,0,0,1,0
MSTRG.973|F8,186,213,135,107,113,61,113,111,133,124,146,102
MSTRG.973,48,0,0,0,0,0,0,0,0,0,7,0
MSTRG.974|H2AFB2,0,0,1,1,1,1,1,0,2,0,2,0
MSTRG.974|H2AFB3,1,1,1,1,1,0,1,1,1,1,2,0
MSTRG.975|F8A1,0,1,1,1,268,0,268,235,67,0,69,2
MSTRG.975|F8A2,248,421,493,474,547,147,477,338,803,470,243,334
MSTRG.977,0,6,2,2,0,25,385,549,4,2,2,0
MSTRG.979|BRCC3,1092,1307,962,755,1189,509,1759,1146,1625,843,925,896
MSTRG.977|FUNDC2,1656,1596,2239,1449,1434,941,1438,1115,2358,1169,1154,1307
MSTRG.978,146,107,187,140,70,78,92,94,143,63,119,160
MSTRG.978|CMC4,322,431,521,368,518,193,540,585,679,291,362,432
MSTRG.978|MTCP1,15,30,38,14,21,20,45,26,29,14,26,0
MSTRG.980|VBP1,1740,2263,1794,1480,1883,799,1776,2043,2598,1297,1973,1772
MSTRG.980,2,94,0,0,0,0,2,2,1,0,2,1
MSTRG.981|RAB39B,367,353,400,330,305,135,389,314,369,242,582,380
MSTRG.982|CLIC2,192,166,119,659,529,135,472,191,1136,287,455,306
MSTRG.983,213,167,78,79,95,73,202,81,140,82,106,84
MSTRG.987|MIR1184-3,0,0,0,0,0,0,0,0,1,0,1,0
MSTRG.983|LOC101927830,3,5,4,6,4,2,7,6,9,2,2,4
MSTRG.984,109,140,84,54,51,52,58,55,82,49,90,89
MSTRG.985|H2AFB2,0,0,1,1,1,1,1,0,1,0,2,0
MSTRG.985|H2AFB3,2,1,2,1,1,0,2,1,1,1,4,0
MSTRG.986|F8A1,0,1,1,1,115,0,194,105,25,0,144,1
MSTRG.986|F8A2,425,363,412,403,299,130,296,181,388,222,200,305
MSTRG.990|MIR1184-3,0,0,0,0,0,0,0,0,0,0,1,0
MSTRG.989|F8A1,290,223,248,278,238,80,313,152,180,109,241,208
MSTRG.989|F8A3,33,27,40,1,27,14,3,10,50,20,1,1
MSTRG.991|H2AFB2,0,0,1,1,0,1,0,0,1,0,1,0
MSTRG.991|H2AFB3,1,1,2,1,1,1,2,1,1,1,4,0
MSTRG.993,20,61,8,59,12,4,15,10,12,9,10,32
MSTRG.994|SPRY3,0,19,17,8,13,6,19,7,26,12,17,14
MSTRG.994,33,0,0,0,0,0,1,0,0,0,0,1
MSTRG.992|LOC101927830,3,7,5,7,6,2,7,5,12,3,2,5
MSTRG.993|TMLHE,513,513,391,210,224,197,361,291,403,282,367,380
MSTRG.995|VAMP7,1630,1496,1475,1163,931,589,1206,1370,1531,936,1430,1244
MSTRG.995,80,288,162,1,359,63,293,268,241,162,176,111
MSTRG.997|IL9R,43,62,56,0,0,0,0,0,0,0,0,0
MSTRG.997,227,110,51,28,50,93,33,40,66,53,91,69
MSTRG.996,36,25,12,4,8,8,13,4,18,11,22,6
MSTRG.998,0,3,0,0,0,1,0,3,0,0,0,2
MSTRG.999,518,600,954,353,271,135,519,516,727,201,551,473
MSTRG.1000|DDX11L16,3,6,6,3,1,0,3,4,0,0,4,8
NM_000451|SHOX,0,0,0,0,0,0,0,0,0,0,0,0
NM_006883|SHOX,0,0,0,0,0,0,0,0,0,0,0,0
MSTRG.9,0,0,0,0,0,0,0,0,0,3,0,0
NM_001141919|XG,0,0,0,0,0,0,0,0,3,3,0,2
NM_001141920|XG,0,0,0,0,0,0,0,0,0,0,0,0
NM_175569|XG,0,0,0,0,0,0,0,0,0,0,0,0
NR_003254|XGY2,0,0,0,0,0,0,0,0,0,0,0,0
NM_001011719|ARSH,0,0,0,0,0,0,0,0,0,0,0,0
NM_001201538|ARSF,0,0,0,0,0,0,0,0,0,0,0,0
NM_001201539|ARSF,0,0,0,0,0,0,0,0,0,0,0,0
NM_004042|ARSF,0,0,0,0,0,0,0,0,0,0,0,0
NR_038428|LINC01546,0,0,0,0,0,0,0,0,0,0,0,0
NM_015419|MXRA5,0,0,0,0,0,0,0,0,0,0,0,0
NR_110390|LOC101928201,0,0,0,0,0,0,0,0,0,0,0,0
NR_039927|MIR4770,0,0,0,0,0,0,0,0,0,0,0,0
MSTRG.47,0,0,8,0,0,0,5,0,0,0,0,0
MSTRG.46,0,0,2,0,0,0,0,0,0,0,0,0
NM_001171186|FAM9A,0,0,0,0,0,0,0,0,0,0,0,0
NM_174951|FAM9A,0,0,0,0,0,0,0,0,0,0,0,0
NM_205849|FAM9B,0,0,0,0,0,0,0,0,0,0,0,0
NM_001195081|CLDN34,0,0,0,0,0,0,0,0,0,0,0,0
MSTRG.80,0,0,0,3,0,0,0,0,0,0,0,0
MSTRG.88,0,0,0,0,0,0,7,0,0,6,0,0
MSTRG.91,0,0,0,0,0,0,0,0,0,0,4,0
MSTRG.96|EGFL6,0,8,1,5,0,10,0,0,49,0,0,55
MSTRG.97|MIR6086,0,0,0,0,0,0,0,0,0,0,0,0
MSTRG.101,0,4,0,0,0,0,4,3,2,0,0,2
NM_001012428|ASB11,0,0,0,0,0,0,0,0,0,0,0,0
NM_001201583|ASB11,0,0,0,0,0,0,0,0,0,0,0,0
NM_080873|ASB11,0,0,0,0,0,0,0,0,0,0,0,0
NM_021804|ACE2,0,0,0,0,0,0,0,0,0,0,0,0
NR_126564|GS1-594A7.3,0,0,0,0,0,0,0,0,0,0,0,0
NR_033348|RAI2,0,0,0,0,0,0,0,0,0,0,0,0
NR_033349|RAI2,0,0,0,0,0,0,0,0,0,0,0,0
NM_001172732|RAI2,0,0,0,0,0,0,0,0,0,0,0,0
NM_001172739|RAI2,0,0,0,0,0,0,0,0,0,0,0,0
NM_001172743|RAI2,0,0,0,0,0,0,0,0,0,0,0,0
NM_021785|RAI2,0,0,0,0,0,0,0,0,0,0,0,0
NR_133641|LINC01456,0,0,0,0,0,0,0,0,0,0,0,0
NM_153346|BEND2,0,0,0,0,0,0,0,0,0,0,0,0
NM_001184767|BEND2,0,0,0,0,0,0,0,0,0,0,0,0
MSTRG.139,0,3,0,0,0,0,0,0,0,0,0,0
MSTRG.162|KLHL34,0,11,0,0,1,0,5,4,21,2,23,3
NM_173495|PTCHD1,0,0,0,0,0,0,0,0,0,0,0,0
NM_001136233|SUPT20HL2,0,0,0,0,0,0,0,0,0,0,0,0
NM_001136234|SUPT20HL1,0,0,0,0,0,0,0,0,0,0,0,0
NM_173699|MAGEB18,0,0,0,0,0,0,0,0,0,0,0,0
NM_173523|MAGEB6,0,0,0,0,0,0,0,0,0,0,0,0
NM_001271752|MAGEB5,0,0,0,0,0,0,0,0,0,0,0,0
NR_001559|VENTXP1,0,0,0,0,0,0,0,0,0,0,0,0
NR_002784|PPP4R3CP,0,0,0,0,0,0,1,0,0,0,0,0
NM_001136533|DCAF8L2,0,0,0,0,0,0,0,0,0,0,0,0
NM_182506|MAGEB10,0,0,0,0,0,0,0,0,0,0,0,0
NM_001017930|DCAF8L1,0,0,0,0,0,0,0,0,0,0,0,0
NR_106750|MIR6134,0,0,0,0,0,0,0,0,0,0,0,0
NM_002364|MAGEB2,0,0,0,0,0,0,0,0,0,0,0,0
NM_002365|MAGEB3,0,0,0,0,0,0,0,0,0,0,0,0
NM_000475|NR0B1,0,0,0,0,1,0,0,1,0,0,0,0
NM_031894|FTHL17,0,0,0,0,0,0,0,0,0,0,0,0
NM_203408|FAM47A,0,0,0,0,0,0,0,0,0,0,0,0
NM_031442|TMEM47,0,0,0,0,0,0,0,0,0,0,0,0
NM_152631|FAM47B,0,0,0,0,0,0,0,0,0,0,0,0
NM_001099921|MAGEB16,0,0,0,0,0,0,0,0,0,0,0,0
NM_001013736|FAM47C,0,0,0,0,0,0,0,0,0,0,0,0
NM_001271682|FTH1P18,0,0,0,0,0,0,0,0,0,0,0,0
NM_021083|XK,0,2,2,0,0,0,0,0,0,2,6,0
NM_012274|HYPM,0,0,0,0,0,0,0,0,0,0,0,0
MSTRG.215,0,0,0,0,0,0,0,0,3,0,0,0
NM_000531|OTC,0,0,0,0,0,0,0,0,0,0,0,0
NR_038968|LINC01281,0,0,0,0,0,0,0,0,0,0,0,0
NR_110385|LINC01282,0,0,0,0,0,0,0,0,0,0,0,0
MSTRG.217,0,0,0,3,6,0,0,0,9,0,0,0
NR_037501|MIR3937,0,0,0,0,0,0,0,0,0,0,0,0
MSTRG.231,0,0,0,0,0,0,2,0,2,0,0,0
NR_106988|MIR7641-2,0,0,0,0,0,0,0,0,0,0,0,0
NM_022567|NYX,0,0,8,2,3,0,0,0,0,2,0,3
NR_002191|PPP1R2P9,0,0,0,0,0,0,0,0,0,0,0,0
NM_000898|MAOB,0,0,0,0,0,0,0,0,0,0,0,0
NM_000266|NDP,0,0,0,0,0,0,0,0,0,0,0,0
NM_022076|DUSP21,0,0,0,0,0,0,0,0,0,0,0,0
NR_104645|LINC01204,0,0,0,0,0,0,0,0,0,0,0,0
NR_104644|LINC01204,0,0,0,0,0,0,0,0,0,0,0,0
NR_102268|LOC392452,0,0,0,0,0,0,0,0,0,0,0,0
NR_125365|LOC401585,0,0,0,0,0,0,0,0,0,0,0,0
NR_110388|LINC01186,0,0,0,0,0,0,0,0,0,0,0,0
NR_033924|CXXC1P1,0,0,0,0,0,0,0,0,0,0,0,0
NR_028366|SSX6,0,0,0,0,0,0,0,0,0,0,0,0
NM_021015|SSX5,0,0,0,0,0,0,0,0,0,0,0,0
NM_175723|SSX5,0,0,0,0,0,0,0,0,0,0,0,0
NM_001278691|SSX1,0,0,0,0,0,0,0,0,0,0,0,0
NM_005635|SSX1,0,0,0,0,0,0,0,0,0,0,0,0
NR_073393|SSX9,0,0,0,0,0,0,0,0,0,0,0,0
NM_021014|SSX3,0,0,0,0,0,0,0,0,0,0,0,0
NM_013271|PCSK1N,0,0,0,3,1,0,2,0,0,0,0,0
NM_001127212|GAGE2A,0,0,0,0,0,0,0,0,0,0,0,0
NM_001098411|GAGE2B,0,0,0,0,0,0,0,0,0,0,0,0
NM_001472|GAGE2C,0,0,0,0,0,0,0,0,0,0,0,0
NM_003785|PAGE1,0,0,0,0,0,0,0,0,0,0,0,0
NM_007003|PAGE4,0,0,0,0,0,0,0,0,0,0,0,0
NM_003886|AKAP4,0,0,0,0,0,0,0,1,0,0,0,0
NM_139289|AKAP4,0,0,0,0,0,0,0,0,0,0,0,0
NM_001013742|DGKK,0,0,0,0,0,0,0,0,0,0,0,0
NM_005448|BMP15,0,0,0,0,0,0,0,0,0,0,0,0
NR_110382|LINC01284,0,0,0,0,0,0,0,0,0,0,0,0
NM_153183|NUDT10,0,0,0,0,0,0,0,0,0,0,0,0
NM_001304963|NUDT10,0,0,0,0,0,0,0,0,0,0,0,0
NM_203407|CXorf67,0,0,0,0,0,0,0,0,0,0,0,0
NM_018159|NUDT11,0,0,0,0,0,0,0,2,0,0,1,0
NR_110654|LINC01496,0,0,0,0,0,0,0,0,0,0,0,0
NR_033772|CENPVP1,0,0,0,0,0,0,0,0,0,0,0,2
NR_033773|CENPVP2,0,0,0,0,0,1,0,2,2,0,0,2
NR_107055|MIR8088,0,0,0,0,0,0,0,0,0,0,0,0
NM_130777|XAGE2,0,0,0,0,0,0,0,0,0,0,0,0
NM_001097594|XAGE1B,0,0,0,0,0,0,0,0,0,0,0,0
NM_001097604|XAGE1E,0,0,0,0,0,0,0,0,0,2,0,0
NM_001097596|XAGE1B,0,0,0,0,0,0,0,0,0,0,0,0
NM_001097605|XAGE1E,0,0,0,0,0,0,0,0,0,0,0,0
NR_033254|XAGE1B,0,0,0,0,0,0,0,0,0,0,0,0
NR_033257|XAGE1E,0,0,0,0,0,0,0,0,0,0,0,0
NR_027250|SSX8,0,0,0,0,0,0,0,0,0,0,0,0
NM_173358|SSX7,0,0,0,0,0,0,0,0,0,0,0,0
NM_001164417|SSX2B,0,0,0,0,0,0,0,0,0,0,0,0
NM_001278701|SSX2B,0,0,0,0,0,0,0,0,0,0,0,0
NM_001278702|SSX2B,0,0,0,0,0,0,0,0,0,0,0,0
NM_001278697|SSX2,0,0,0,0,0,0,0,0,0,0,0,0
NM_003147|SSX2,0,0,0,0,0,0,0,0,0,0,0,0
NM_175698|SSX2,0,0,0,0,0,0,0,0,0,0,0,0
NM_001009616|SPANXN5,0,0,0,0,0,0,0,0,0,0,0,0
NM_130775|XAGE5,0,0,0,0,0,0,0,0,0,0,0,0
NM_130776|XAGE3,0,0,0,0,0,0,0,0,0,0,0,0
NM_133179|XAGE3,0,0,0,0,0,0,0,0,0,0,0,0
MSTRG.362,0,0,0,0,0,0,0,0,0,0,0,2
NM_018969|GPR173,0,3,0,0,3,0,3,0,0,0,0,0
MSTRG.377,0,0,0,0,0,0,0,0,4,0,0,0
MSTRG.378,0,0,0,0,0,0,0,0,0,0,0,3
MSTRG.390,0,0,0,0,0,0,0,0,0,2,0,0
NM_198510|ITIH6,0,0,0,0,0,0,0,0,0,0,0,0
MSTRG.398|PAGE2,0,0,0,3,0,0,0,0,0,0,0,0
NR_132964|SNORA109,0,0,0,0,0,0,0,0,0,0,0,0
NM_001013435|PAGE5,0,0,0,0,0,0,0,0,0,0,0,0
NM_130467|PAGE5,0,0,0,0,0,0,0,0,0,0,0,0
NM_001017931|PAGE3,0,0,0,0,0,0,0,0,0,0,0,0
NM_001171252|PAGE3,0,0,0,0,0,0,0,0,0,0,0,0
NM_001303613|PAGE3,0,0,0,0,0,0,0,0,0,0,0,0
NR_130179|LOC100421746,0,0,0,0,0,0,0,0,0,0,0,0
NR_039764|MIR4536-1,0,0,0,0,0,0,0,0,0,0,0,0
NR_130469|MIR4536-2,0,0,0,0,0,0,0,0,0,0,0,0
NM_198451|FOXR2,0,0,0,0,0,0,0,0,1,0,0,0
NR_031567|MIR1468,0,0,0,0,0,0,0,0,0,0,0,0
NR_103715|LINC00269,0,0,0,0,0,0,0,0,0,0,0,0
NM_015686|FAM155B,0,0,3,0,0,0,0,0,0,0,0,0
NM_207320|OTUD6A,0,0,0,0,0,0,0,0,0,0,1,0
NM_001013579|AWAT1,0,0,0,0,0,0,0,0,0,0,0,0
NM_001171191|GDPD2,0,0,0,0,0,0,0,0,0,0,0,0
NM_001171192|GDPD2,0,0,0,0,0,0,0,0,0,0,0,0
NM_001171193|GDPD2,0,0,0,0,0,0,0,0,0,0,0,0
NM_017711|GDPD2,0,0,0,0,0,0,0,0,0,0,0,0
NM_001003811|TEX11,0,0,0,0,0,0,0,0,0,0,0,0
NM_031276|TEX11,0,0,0,0,0,0,0,0,0,0,0,0
NM_001048164|SLC7A3,0,0,0,0,0,0,0,0,0,0,0,0
NM_032803|SLC7A3,0,0,0,0,0,0,0,0,0,0,0,0
NR_034116|LINC00684,0,0,0,0,0,0,0,0,0,0,0,0
NR_120493|LOC100132304,0,0,1,0,0,0,0,0,0,0,0,0
NR_120494|LOC100132304,0,0,4,0,0,0,0,0,0,0,0,0
NR_120499|LINC00684,0,0,0,0,0,0,0,0,0,0,0,0
NR_110398|PABPC1L2B-AS1,0,0,0,0,0,0,0,0,0,0,0,0
NM_001042506|PABPC1L2B,0,0,0,0,0,0,1,0,0,0,0,0
NM_001012977|PABPC1L2A,0,0,0,0,0,0,1,0,0,0,0,0
NM_005193|CDX4,0,0,0,0,0,0,0,0,0,0,0,0
NM_203303|ZCCHC13,0,0,0,0,0,0,0,0,0,0,0,0
NM_138703|MAGEE2,0,0,0,2,0,0,0,0,0,0,0,0
MSTRG.528,0,0,0,0,0,0,2,0,0,1,0,0
NR_110400|MIR325HG,0,0,0,0,0,0,0,0,0,0,0,0
NR_110401|MIR325HG,0,0,0,0,0,0,0,0,0,0,0,0
NR_110402|MIR325HG,0,0,0,0,0,0,0,0,0,0,0,0
NR_110403|MIR325HG,0,0,0,0,0,0,0,0,0,0,0,0
NR_110404|MIR325HG,0,0,0,0,0,0,0,0,0,0,0,0
NR_110405|MIR325HG,0,0,0,0,0,0,0,0,0,0,0,0
NR_110406|MIR325HG,0,0,0,0,0,0,0,0,0,0,0,0
NR_029909|MIR384,0,0,0,0,0,0,0,0,0,0,0,0
NR_029905|MIR325,0,0,0,0,0,0,0,0,0,0,0,0
MSTRG.534|FGF16,0,0,0,0,0,0,0,0,0,2,4,0
NR_036258|MIR4328,0,0,0,0,0,0,0,0,0,0,0,0
NR_110646|CHMP1B2P,0,0,0,0,0,0,0,0,0,0,0,0
NM_001170574|FAM46D,0,0,0,0,0,0,0,0,0,0,0,0
NM_152630|FAM46D,0,0,0,0,0,0,0,0,0,0,0,0
NM_000307|POU3F4,0,0,0,0,0,0,0,0,2,0,0,0
NM_001271680|CYLC1,0,0,0,0,0,0,0,0,0,0,0,0
NM_021118|CYLC1,0,0,0,0,0,0,0,0,0,0,0,0
NR_031690|MIR548I4,0,0,0,0,0,0,0,0,0,0,0,0
NR_024062|UBE2DNL,0,0,0,0,0,0,0,0,0,0,0,0
NR_110651|LOC101928128,0,0,0,0,0,0,0,0,0,0,0,0
NR_031710|MIR1321,0,0,0,0,0,0,0,0,0,0,0,0
NM_057162|KLHL4,0,0,0,0,0,0,0,0,0,0,0,0
NM_019117|KLHL4,0,0,0,0,0,0,0,0,0,0,0,0
NM_001184771|CPXCR1,0,0,0,0,0,0,0,0,0,0,0,0
NM_033048|CPXCR1,0,0,0,0,0,0,0,0,0,0,0,0
NM_138960|TGIF2LX,0,0,0,0,0,0,0,0,0,0,0,0
NR_110659|PABPC5-AS1,0,0,0,0,0,0,0,0,0,0,0,0
NM_080832|PABPC5,0,0,0,0,0,0,0,0,0,0,0,0
NR_039659|MIR4454,0,0,0,0,1,0,0,0,0,0,0,0
NM_001171109|FAM133A,0,0,0,0,0,0,0,0,0,0,0,0
NM_001171110|FAM133A,0,0,0,0,0,0,0,0,0,0,0,0
NM_001171111|FAM133A,0,0,0,0,0,0,0,0,0,0,0,0
NM_173698|FAM133A,0,0,0,0,0,0,0,0,0,0,0,0
NR_031667|MIR548M,0,0,0,0,0,0,0,0,0,0,0,0
NR_003539|BRDTP1,0,0,0,0,0,0,0,0,0,0,0,0
NM_001105243|PCDH19,0,0,0,0,0,0,0,0,0,0,0,0
NM_001184880|PCDH19,0,0,0,0,0,0,0,0,0,0,0,0
NM_020766|PCDH19,0,0,0,0,0,0,0,0,0,0,0,0
NM_022144|TNMD,0,0,0,0,0,0,0,0,0,0,0,0
NM_014467|SRPX2,0,0,0,0,0,0,0,0,0,0,0,0
NM_001277423|TCP11X2,0,0,0,0,0,0,0,0,0,0,0,0
NM_001099686|NXF2B,0,0,0,0,0,0,0,0,0,0,0,0
NM_022053|NXF2,0,0,0,0,0,0,0,0,0,0,0,0
NR_002216|NXF4,0,0,0,0,0,0,0,0,0,0,0,0
NM_022052|NXF3,0,0,0,0,0,0,0,0,0,0,0,0
NM_001002916|H2BFWT,0,0,0,0,2,0,0,0,0,0,0,0
NM_153448|ESX1,0,0,0,0,0,0,0,0,0,0,0,0
NM_198465|NRK,0,0,0,0,0,0,0,0,0,0,0,0
NM_000354|SERPINA7,0,0,0,0,0,0,0,0,0,0,0,0
NM_001171020|MUM1L1,0,0,0,0,0,0,0,0,0,0,0,0
NM_152423|MUM1L1,0,0,0,0,2,0,0,0,0,0,0,0
NM_024539|RNF128,0,0,0,0,0,0,0,0,0,0,0,0
NM_194463|RNF128,0,0,0,0,0,2,0,0,2,0,0,0
NM_001169154|PIH1D3,0,0,0,0,0,0,0,0,0,0,0,0
NM_173494|PIH1D3,0,0,0,0,0,0,0,0,0,0,0,0
NM_001170553|VSIG1,0,0,2,2,0,12,0,0,0,0,2,0
NM_182607|VSIG1,0,0,0,0,0,0,0,0,0,0,0,0
NR_110652|LOC101928358,0,0,0,0,0,0,0,0,0,0,0,0
MSTRG.670,0,1,0,7,7,0,6,1,2,110,1,2
NR_106735|MIR6087,0,0,0,0,0,0,0,0,0,0,0,0
NR_002718|TDGF1P3,0,0,0,0,0,1,0,0,0,0,0,0
NM_001128166|PAK3,0,1,0,0,0,0,0,0,0,0,0,0
NM_001128167|PAK3,0,0,0,0,0,0,0,0,0,0,0,0
NM_002578|PAK3,0,2,0,0,0,0,0,0,0,0,0,0
NM_001128168|PAK3,0,0,0,0,0,0,0,0,0,0,0,0
NM_001128172|PAK3,0,0,0,0,0,0,0,0,0,0,0,0
NM_001128173|PAK3,0,0,0,0,0,0,0,0,0,0,0,0
NM_014289|CAPN6,0,0,0,0,0,0,0,0,0,0,0,0
NM_001004308|ZCCHC16,0,0,0,0,0,0,0,0,0,0,0,0
NR_110399|LOC101928437,0,0,0,2,0,0,0,0,0,0,0,0
NR_131204|XACT,0,1,0,0,0,0,0,0,0,0,0,0
NM_000640|IL13RA2,0,0,0,0,0,0,0,0,0,0,0,0
NM_016383|LUZP4,0,0,0,0,0,0,0,0,0,0,0,0
MSTRG.716|SLC6A14,0,0,0,0,0,0,0,0,0,0,10,0
NM_001017978|CT83,0,0,0,0,0,0,0,0,0,0,0,0
NR_110393|LINC01285,0,0,0,0,0,0,0,0,0,0,0,0
NR_131250|RHOXF1P1,0,0,0,0,0,0,0,0,0,0,0,0
NM_001145718|CT47B1,0,0,0,0,0,0,0,0,0,0,0,0
NM_001080137|CT47A10,0,0,0,0,0,0,0,0,0,0,0,0
NM_001080138|CT47A9,0,0,0,0,0,0,0,0,0,0,0,0
NM_001080139|CT47A8,0,0,0,0,0,0,0,0,0,0,0,0
NM_001080142|CT47A5,0,0,0,0,0,0,0,0,0,0,0,0
NM_001080143|CT47A4,0,0,0,0,0,0,0,0,0,0,0,0
NM_001080144|CT47A3,0,0,0,0,0,0,0,0,0,0,0,0
NM_001080145|CT47A2,0,0,0,0,0,0,0,0,0,0,0,0
NM_001080146|CT47A1,0,0,0,0,0,0,0,0,0,0,0,0
NM_001242922|CT47A12,0,0,0,0,0,0,0,0,0,0,0,0
NM_173571|CT47A11,0,0,0,0,0,0,0,0,0,0,0,0
NM_001080141|CT47A6,0,0,0,0,0,0,0,0,0,0,0,0
NM_001080140|CT47A7,0,0,0,0,0,0,0,0,0,0,0,0
NR_037444|MIR3672,0,0,0,0,0,0,0,0,0,0,0,0
NM_001195272|TEX13C,0,0,0,0,0,0,0,0,0,0,0,0
NR_110409|LOC101928495,0,0,0,0,0,0,0,0,0,0,0,0
NM_001013628|DCAF12L2,0,0,0,0,0,0,0,0,0,0,0,2
NM_178470|DCAF12L1,0,0,0,0,0,0,0,0,0,0,0,0
NM_001122716|PRR32,0,0,0,0,0,0,0,0,0,0,0,0
NM_138289|ACTRT1,0,0,0,0,0,0,0,0,0,0,0,0
NR_126350|LINC01201,0,0,0,0,0,0,0,0,0,0,0,0
NM_001004486|OR13H1,0,0,0,0,0,0,0,0,0,0,0,0
NM_001306193|FRMD7,0,0,0,0,0,0,0,0,0,0,0,0
NM_194277|FRMD7,0,0,0,0,2,0,0,0,0,0,0,0
NM_001077188|HS6ST2,0,0,0,0,0,0,0,0,1,0,0,0
NM_147175|HS6ST2,0,0,0,0,0,0,0,0,0,0,0,0
NR_046691|HS6ST2-AS1,0,0,0,0,0,0,0,0,0,0,0,0
NM_031907|USP26,0,0,0,0,0,0,0,0,0,0,1,0
MSTRG.815|TFDP3,0,3,0,0,0,1,0,0,0,0,0,1
MSTRG.819|MIR363,0,1,0,0,0,0,1,0,0,1,0,0
MSTRG.821|MIR19B2,0,0,0,1,0,1,0,0,0,0,1,0
MSTRG.822|MIR20B,0,0,1,1,0,0,0,1,0,0,0,0
MSTRG.823|MIR18B,0,1,0,0,0,0,0,0,0,0,0,0
MSTRG.824|MIR106A,0,0,0,0,0,0,0,0,0,0,0,1
NM_001101357|CCDC160,0,0,0,0,0,0,0,0,0,0,0,0
NR_030587|MIR450B,0,0,0,0,0,0,0,0,0,0,0,0
NR_029962|MIR450A1,0,0,0,0,0,0,0,0,0,0,0,0
MSTRG.828|MIR450A2,0,0,0,0,0,0,0,0,0,1,0,0
MSTRG.829|MIR542,0,0,0,0,0,0,0,0,0,1,0,0
MSTRG.831,0,0,0,0,0,0,0,0,0,0,2,0
MSTRG.831|LINC00629,0,2,3,0,0,0,0,0,0,0,1,0
NR_033941|LINC00633,0,0,0,0,0,0,0,0,0,1,0,0
MSTRG.840|LOC100287728,0,0,0,0,0,0,0,0,0,0,2,0
NM_001031705|CT55,0,0,0,0,0,0,0,0,0,0,0,0
NM_017863|CT55,0,0,0,1,0,0,1,0,0,0,0,0
NR_104652|LOC100506790,0,0,0,0,0,0,0,0,0,0,0,0
NM_018666|SAGE1,0,0,0,0,0,0,0,0,0,7,0,0
NM_153834|ADGRG4,0,0,0,0,0,0,0,0,0,0,0,0
NM_001727|BRS3,0,0,0,0,0,0,0,0,0,0,0,0
NM_016267|VGLL1,0,0,0,0,0,0,0,0,0,0,0,0
NR_030631|MIR934,0,0,0,0,0,0,0,0,0,0,0,0
NR_038461|LINC00892,0,0,0,0,0,0,0,0,0,0,0,0
NR_038462|LINC00892,0,0,0,0,0,0,0,0,0,0,0,0
NM_000074|CD40LG,0,0,0,0,0,2,0,0,2,0,0,0
NM_054021|GPR101,0,0,0,0,0,0,0,0,2,0,0,0
NM_003413|ZIC3,0,0,0,0,0,0,0,0,0,0,0,0
NR_026935|LINC00889,0,0,0,0,0,0,0,0,0,0,0,0
NM_004114|FGF13,0,0,0,0,0,0,0,0,0,0,0,0
NM_033642|FGF13,0,0,0,0,0,0,0,0,0,0,0,0
NM_001139502|FGF13,0,0,0,0,0,0,0,0,0,0,0,0
NM_001139498|FGF13,0,0,0,0,0,0,0,0,0,0,0,0
NM_001139500|FGF13,0,0,0,0,0,0,0,0,0,0,0,0
NM_001139501|FGF13,0,0,0,0,0,0,0,0,0,0,0,1
NR_030229|MIR504,0,0,0,0,0,0,0,0,0,0,0,0
NR_038405|FGF13-AS1,0,0,0,0,0,0,0,0,0,0,0,0
NM_000133|F9,0,0,0,0,0,0,0,0,0,0,0,0
NM_001313913|F9,0,0,0,0,0,0,0,0,0,0,0,0
NM_001013403|CXorf66,0,0,0,0,0,0,0,0,0,0,0,0
NM_005634|SOX3,0,0,0,0,0,0,0,0,0,0,0,0
NR_028345|LINC00632,0,0,0,0,0,0,0,0,0,0,0,0
NR_028344|LINC00632,0,0,0,0,0,0,0,0,0,0,0,0
NR_104228|LINC00632,0,0,0,3,0,0,0,0,0,0,0,0
MSTRG.875|CDR1,0,1,1,4,3,0,0,0,0,1,0,0
NR_031725|MIR320D2,0,0,0,0,0,0,0,0,0,0,0,0
NR_104080|RNU6-9,0,0,0,0,0,0,0,0,0,0,0,0
NR_125730|RNU6-2,0,0,0,0,0,0,0,0,0,0,0,0
NR_004394|RNU6-1,0,0,0,0,0,0,0,0,0,0,0,0
NR_104084|RNU6-7,0,0,0,0,0,0,0,0,0,0,0,0
NR_104088|RNU6-8,0,0,0,0,0,0,0,0,0,0,0,0
NM_022661|SPANXC,0,0,0,0,0,0,0,0,0,0,0,0
NR_037183|SPANXA2-OT1,0,0,0,0,0,0,0,0,0,0,0,0
NM_013453|SPANXA1,0,0,0,0,0,0,0,0,0,0,0,0
NM_145662|SPANXA2,0,0,0,0,0,0,0,0,0,0,0,0
NM_032417|SPANXD,0,0,0,0,0,0,0,0,0,0,0,0
NM_138702|MAGEC3,0,0,0,0,0,0,0,0,0,0,0,0
NM_177456|MAGEC3,0,0,0,0,0,0,0,0,0,0,0,0
NM_005462|MAGEC1,0,0,0,0,0,0,0,0,0,0,0,0
NM_016249|MAGEC2,0,0,0,0,0,0,0,0,0,0,0,0
NM_001009613|SPANXN4,0,0,0,0,0,0,0,0,0,0,0,0
NM_001009609|SPANXN3,0,0,0,0,0,0,0,0,0,0,0,0
NM_001184750|SLITRK4,0,0,0,0,0,0,0,0,0,0,0,0
NM_173078|SLITRK4,0,0,0,0,0,0,0,0,0,0,0,0
NM_001184749|SLITRK4,0,0,2,0,0,0,0,0,0,0,0,0
NM_001009615|SPANXN2,0,0,0,0,0,0,0,0,0,0,0,0
NM_001009614|SPANXN1,0,0,0,0,0,0,0,0,0,0,0,0
NM_001144003|SLITRK2,0,0,0,0,0,0,0,0,0,0,0,0
NM_001144004|SLITRK2,0,0,0,0,0,0,0,0,0,0,0,0
NM_001144005|SLITRK2,0,0,0,0,0,0,0,0,0,0,0,0
NM_032539|SLITRK2,0,0,0,0,0,0,2,0,0,0,0,0
NM_001144006|SLITRK2,0,0,0,0,0,0,0,0,0,0,0,0
NM_001144008|SLITRK2,0,0,0,0,0,0,0,0,0,0,0,0
NM_001144009|SLITRK2,0,0,0,0,0,0,0,0,0,0,0,0
NM_001144010|SLITRK2,0,0,0,0,0,0,0,0,0,0,0,0
NM_004709|TMEM257,0,0,0,0,0,0,0,0,0,0,0,0
NR_106783|MIR892C,0,0,0,0,0,0,0,0,0,0,0,0
NR_030589|MIR890,0,0,0,0,0,0,0,0,0,0,0,0
NR_030592|MIR888,0,0,0,0,0,0,0,0,0,0,0,0
NR_030584|MIR892A,0,0,0,0,0,0,0,0,0,0,0,0
NR_030593|MIR892B,0,0,0,0,0,0,0,0,0,0,0,0
NR_030590|MIR891B,0,0,0,0,0,0,0,0,0,0,0,0
NR_030581|MIR891A,0,0,0,0,0,0,0,0,0,0,0,0
NM_001144064|CXorf51A,0,0,0,0,0,0,0,0,0,0,0,0
NM_001244892|CXorf51B,0,0,0,0,0,0,0,0,0,0,0,0
NR_031709|MIR513C,0,0,0,0,0,0,0,0,0,0,0,0
NR_031708|MIR513B,0,0,0,0,0,0,0,0,0,0,0,0
NR_030231|MIR513A1,0,0,0,0,0,0,0,0,0,0,0,0
NR_030232|MIR513A2,0,0,0,0,0,0,0,0,0,0,0,0
NR_030233|MIR506,0,0,0,0,0,0,0,0,0,0,0,0
NR_030234|MIR507,0,0,0,0,0,0,0,0,0,0,0,0
NR_030235|MIR508,0,0,0,0,0,0,0,0,0,0,0,0
NR_036173|MIR514B,0,0,0,0,0,0,0,0,0,0,0,0
NR_030236|MIR509-1,0,0,0,0,0,0,0,0,0,0,0,0
NR_030586|MIR509-2,0,0,0,0,0,0,0,0,0,0,0,0
NR_030629|MIR509-3,0,0,0,0,0,0,0,0,0,0,0,0
NR_030237|MIR510,0,0,0,0,0,0,0,0,0,0,0,0
NR_030238|MIR514A1,0,0,0,0,0,0,0,0,0,0,0,0
NR_030239|MIR514A2,0,0,0,0,0,0,0,0,0,0,0,0
NR_030240|MIR514A3,0,0,0,0,0,0,0,0,0,0,0,0
NM_152578|FMR1NB,0,0,0,0,0,0,0,0,0,0,0,0
MSTRG.885,0,0,0,0,3,0,0,0,0,0,0,0
NM_005365|MAGEA9,0,0,0,0,0,0,0,0,0,0,0,0
NM_001080790|MAGEA9B,0,2,0,0,0,0,0,0,0,0,0,5
NR_031748|MIR2114,0,0,0,0,0,0,0,0,0,0,0,0
NM_001177465|MAMLD1,0,0,0,0,0,0,0,0,0,0,0,0
NM_001177466|MAMLD1,0,0,0,0,0,0,0,0,0,0,0,0
NM_005491|MAMLD1,0,0,0,0,1,0,0,0,0,0,0,0
NR_036256|MIR4330,0,0,0,0,0,0,0,0,0,0,0,0
NM_004224|GPR50,0,0,0,0,0,0,0,0,0,0,0,0
MSTRG.911,0,0,0,0,0,5,0,0,0,0,0,45
NM_173493|PASD1,0,0,0,0,0,0,0,0,0,0,0,0
NM_024082|PRRG3,0,0,0,0,0,0,0,0,0,0,0,0
NR_033262|PRRG3,0,0,0,0,0,0,0,0,0,0,0,0
NM_033085|FATE1,0,0,0,0,0,0,0,0,0,0,0,0
NM_005140|CNGA2,0,0,0,0,0,0,0,0,0,0,0,0
NM_001011548|MAGEA4,0,0,0,0,0,0,0,0,0,0,0,0
NM_002362|MAGEA4,0,0,0,0,0,0,0,0,0,0,0,0
NM_001011549|MAGEA4,0,0,0,0,0,0,0,0,0,0,0,0
NM_001011550|MAGEA4,0,0,0,0,0,0,0,0,0,0,0,0
NM_004961|GABRE,0,0,0,0,0,0,0,0,0,0,0,0
NR_029638|MIR224,0,0,0,0,0,0,0,0,0,0,0,0
NR_029973|MIR452,0,0,0,0,0,0,0,0,0,0,0,0
NM_021049|MAGEA5,0,0,0,0,0,0,0,0,0,0,0,0
NM_001204811|MAGEA10-MAGEA5,0,0,0,0,0,0,0,0,0,0,0,0
NM_001011543|MAGEA10,0,0,0,0,0,0,0,0,0,0,0,0
NM_001251828|MAGEA10,0,0,0,0,0,0,0,0,0,0,0,0
NM_021048|MAGEA10,0,0,0,0,0,0,0,0,0,0,0,0
NM_000808|GABRA3,0,0,0,0,0,0,0,0,0,0,0,0
NR_029521|MIR105-1,0,0,0,0,0,0,0,0,0,0,0,0
NR_030409|MIR767,0,0,0,0,0,0,0,0,0,0,0,0
NR_029522|MIR105-2,0,0,0,0,0,0,0,0,0,0,0,0
NM_005362|MAGEA3,0,0,0,0,0,0,0,0,0,0,0,0
NM_001282501|MAGEA2,0,0,0,0,0,0,0,0,0,0,0,0
NM_001282502|MAGEA2,0,0,0,0,0,0,0,0,0,0,0,0
NM_001282504|MAGEA2,0,0,0,0,0,0,0,0,0,0,0,0
NM_001282505|MAGEA2,0,0,0,0,0,0,0,0,0,0,0,0
NM_005361|MAGEA2,0,0,0,0,0,0,0,0,0,0,0,0
NM_175742|MAGEA2,0,0,0,0,0,0,0,0,0,0,0,0
NM_175743|MAGEA2,0,0,0,0,0,0,0,0,0,0,0,0
NM_153488|MAGEA2B,0,0,0,0,0,0,0,0,0,0,0,0
NM_001102576|CSAG1,0,0,0,0,0,0,0,0,0,0,0,0
NM_153478|CSAG1,0,0,0,0,0,0,0,0,0,0,0,0
NM_001166387|MAGEA12,0,0,0,0,0,0,0,0,0,0,0,0
NM_005367|MAGEA12,0,0,0,0,0,0,0,0,0,0,0,0
NR_073432|CSAG4,0,0,0,0,0,0,0,0,0,0,0,0
NM_001166386|MAGEA12,0,0,0,0,0,0,0,0,0,0,0,0
NM_005363|MAGEA6,0,0,0,0,0,0,0,0,0,0,0,0
NM_175868|MAGEA6,0,0,0,0,0,0,0,0,0,0,2,0
NM_004988|MAGEA1,0,0,1,0,0,0,0,0,0,0,0,0
MSTRG.919,0,4,4,3,3,0,2,1,0,2,0,0
NM_001395|DUSP9,0,0,0,0,0,0,0,0,0,0,0,2
NM_020061|OPN1LW,0,0,0,0,0,0,0,0,0,0,0,0
NM_001327|CTAG1B,0,0,0,0,0,0,0,0,0,0,0,0
NM_139250|CTAG1A,0,0,0,0,0,0,0,0,0,0,0,0
NM_020994|CTAG2,0,0,0,3,0,0,0,0,0,0,0,0
NM_172377|CTAG2,0,0,0,0,0,0,0,0,0,0,0,0
NM_001162936|SMIM9,0,0,0,0,0,0,0,0,0,0,0,0
MSTRG.988,0,0,0,0,1,0,0,0,2,0,0,0
